1403637130738319104.000000 0.000001768 -0.000000015 -0.000000043 0.000000019 0.000000012 0.000000032 1.000000000
1403637130788318976.000000 0.000064224 0.000248368 -0.000183399 -0.000159017 -0.000129338 -0.000279056 1.000000000
1403637130838319104.000000 0.000068443 -0.000039358 -0.000535382 -0.000121429 -0.000190504 -0.000603128 0.999999762
1403637130888318976.000000 0.000096759 -0.000116946 -0.000408894 -0.000096568 -0.000192643 -0.000410566 1.000000000
1403637130938319104.000000 -0.000233311 -0.000175574 -0.000012548 0.000052314 -0.000075313 -0.000153696 1.000000000
1403637130988318976.000000 -0.000024796 0.000089207 -0.000254828 0.000019115 -0.000046875 -0.000575178 0.999999881
1403637131038319104.000000 0.000007094 0.000282870 0.000065553 -0.000260091 -0.000228865 -0.000788747 0.999999702
1403637131088318976.000000 -0.000008232 0.000434729 0.000430055 -0.000404150 -0.000188249 -0.001571960 0.999998689
1403637131138319104.000000 0.000037248 0.000018226 -0.000006066 0.000005595 -0.000018513 -0.000275336 1.000000000
1403637131188318976.000000 0.000126648 -0.000199400 -0.000218318 0.000177887 -0.000257889 -0.000041951 1.000000000
1403637131238319104.000000 -0.000148147 -0.000131851 -0.000175470 0.000173891 -0.000156449 -0.000276725 1.000000000
1403637131288318976.000000 0.000116334 -0.000078085 -0.000204718 0.000184725 -0.000194811 -0.000015430 1.000000000
1403637131338319104.000000 0.000090519 0.000054696 -0.000178485 0.000000071 -0.000179846 -0.000363040 1.000000000
1403637131388318976.000000 -0.000036771 -0.000299226 -0.000745183 -0.000086935 -0.000359419 -0.000295265 0.999999940
1403637131438319104.000000 0.000074122 -0.000246847 -0.000585200 0.000159330 -0.000202772 -0.000115816 1.000000000
1403637131488318976.000000 0.000168327 -0.000908492 -0.002976815 0.000048980 -0.000367899 -0.000375090 0.999999940
1403637131538319104.000000 0.000152550 -0.000036314 -0.000416152 -0.000137990 -0.000223443 -0.000551408 0.999999821
1403637131588318976.000000 0.000108600 -0.000083295 -0.000105783 0.000091236 -0.000310065 0.000402831 0.999999881
1403637131638319104.000000 0.000089689 -0.000376331 -0.000460863 0.000204355 -0.000432956 0.000349359 0.999999821
1403637131688318976.000000 0.000053286 -0.000451695 -0.000886293 0.000133627 -0.000254868 0.000050092 1.000000000
1403637131738319104.000000 -0.000011973 -0.000115519 -0.000530593 -0.000078585 -0.000183507 -0.000470216 0.999999940
1403637131788318976.000000 0.000039985 -0.000082530 0.000063677 0.000013458 -0.000200483 -0.000345733 0.999999940
1403637131838319104.000000 0.000001353 -0.000187201 0.000069656 0.000201617 -0.000173887 0.000112354 1.000000000
1403637131888318976.000000 0.000069838 0.000766497 0.002762772 0.000086397 -0.000069693 -0.000024257 1.000000000
1403637131938319104.000000 -0.000196866 -0.000337717 -0.000546007 -0.000020444 0.000002261 0.000068756 1.000000000
1403637131988318976.000000 -0.000111429 0.000374822 0.001192532 0.000139293 -0.000084443 -0.000244219 1.000000000
1403637132038319104.000000 -0.000010784 -0.000171237 -0.001647970 -0.000192437 -0.000238149 -0.000692219 0.999999762
1403637132088318976.000000 0.000008508 0.000133592 0.000002672 -0.000222626 -0.000125357 -0.000773451 0.999999762
1403637132138319104.000000 0.000033997 0.000129571 -0.000059437 -0.000352720 -0.000074656 -0.000950873 0.999999523
1403637132188318976.000000 -0.000013051 0.000389116 0.000367666 -0.000260562 -0.000190969 -0.000724288 0.999999762
1403637132238319104.000000 0.000075468 -0.000249118 -0.001590542 -0.000293838 -0.000113602 -0.000717730 0.999999702
1403637132288318976.000000 -0.000032870 0.000080496 -0.000055819 -0.000148048 -0.000198845 -0.000924466 0.999999583
1403637132338319104.000000 -0.000073780 0.000019104 -0.000551800 -0.000245917 -0.000137892 -0.000931759 0.999999583
1403637132388318976.000000 0.000019210 -0.000099293 -0.000572601 -0.000038940 -0.000096378 -0.000562192 0.999999881
1403637132438319104.000000 0.000075363 -0.000276862 -0.001683435 -0.000146168 -0.000223368 -0.000482586 0.999999881
1403637132488318976.000000 0.000041836 0.000097379 -0.000054067 -0.000185436 -0.000138461 -0.000647784 0.999999821
1403637132538319104.000000 -0.000022164 -0.000041559 -0.000125690 -0.000188720 -0.000203924 -0.000732744 0.999999762
1403637132588318976.000000 0.000155586 0.000164272 -0.001160296 -0.000194182 -0.000434825 -0.001281523 0.999999106
1403637132638319104.000000 0.000392129 0.000012924 -0.001179889 -0.000151536 -0.000489042 -0.001087900 0.999999344
1403637132688318976.000000 0.000422166 -0.000112185 -0.001320311 0.000134251 -0.000460679 -0.000228247 0.999999881
1403637132738319104.000000 0.000114753 -0.000525579 -0.002092921 -0.000164035 -0.000212142 -0.000449458 0.999999881
1403637132788318976.000000 0.000122001 -0.000464174 -0.001884650 -0.000226975 -0.000115482 -0.000476285 0.999999940
1403637132838319104.000000 0.000035252 -0.000120358 -0.000625880 0.000041557 -0.000234881 -0.000226520 0.999999940
1403637132888318976.000000 0.000127202 0.000043989 -0.000734706 0.000018971 0.000106367 0.000597177 0.999999821
1403637132938319104.000000 0.000249136 0.000288440 -0.000536665 -0.000368684 0.000489287 -0.000106060 0.999999821
1403637132988318976.000000 0.000274083 -0.000197864 -0.000956628 -0.000459446 0.000177514 0.001184544 0.999999225
1403637133038319104.000000 0.000316809 -0.000168818 -0.000030519 -0.000765453 -0.000154628 0.001258613 0.999998927
1403637133088318976.000000 0.000591536 -0.000116158 -0.000522610 -0.000584718 0.000397688 0.000551092 0.999999583
1403637133138319104.000000 0.001048299 -0.000412799 -0.001954389 -0.001200082 -0.001695937 -0.001982546 -0.999995947
1403637133188318976.000000 0.001926180 -0.000118720 -0.003133168 -0.000609402 -0.001927600 -0.000975238 -0.999997556
1403637133238319104.000000 0.002931231 0.000601677 -0.003620839 0.001889975 -0.001928349 0.002187720 -0.999994040
1403637133288318976.000000 0.004892058 0.000328729 -0.007104813 -0.003287891 0.000798733 -0.004048084 0.999986112
1403637133338319104.000000 0.007641473 0.000545863 -0.008791508 0.004804129 0.000332833 0.005112721 -0.999975383
1403637133388318976.000000 0.012898575 0.001662408 -0.009843553 -0.008673077 -0.001742049 -0.005578209 0.999945343
1403637133438319104.000000 0.017007321 0.001895625 -0.012039404 0.011397472 0.004631492 0.004971898 -0.999912024
1403637133488318976.000000 0.019665482 0.001500262 -0.014120870 0.011038128 0.008989041 0.003703285 -0.999891818
1403637133538319104.000000 0.022647336 0.002649629 -0.014621728 -0.013119366 -0.013897949 -0.002050555 0.999815226
1403637133588318976.000000 0.024123797 0.003935438 -0.015670624 0.015267453 0.018444814 0.000193191 -0.999713361
1403637133638319104.000000 0.027699016 0.005881274 -0.016704973 -0.017889664 -0.021533210 0.000578346 0.999607921
1403637133688318976.000000 0.032951199 0.007870443 -0.019233461 -0.020650711 -0.023249157 -0.000689432 0.999516189
1403637133738319104.000000 0.040967472 0.009504683 -0.023440905 0.022942789 0.023736198 0.001156631 -0.999454319
1403637133788318976.000000 0.052213151 0.010535903 -0.028838927 0.025855798 0.023565227 0.001191963 -0.999387205
1403637133838319104.000000 0.067477122 0.011291404 -0.034332655 0.031006528 0.024766596 0.000727544 -0.999212027
1403637133888318976.000000 0.088991448 0.011336889 -0.040809795 -0.035734363 -0.027970875 0.001466711 0.998968720
1403637133938319104.000000 0.113913357 0.010295175 -0.048119541 0.039235979 0.030596450 -0.003377528 -0.998755753
1403637133988318976.000000 0.142541841 0.008545399 -0.056594115 0.043260012 0.031879194 -0.003189125 -0.998550057
1403637134038319104.000000 0.172970459 0.006194812 -0.065737575 0.046353210 0.031485286 -0.002367596 -0.998426020
1403637134088318976.000000 0.205807149 0.004347367 -0.073626094 -0.050738491 -0.030928239 -0.001168856 0.998232305
1403637134138319104.000000 0.237130836 0.001804101 -0.082975380 0.056184314 0.029812051 0.005172903 -0.997961819
1403637134188318976.000000 0.268141538 -0.000630315 -0.091686055 0.061967067 0.027388271 0.009677778 -0.997655451
1403637134238319104.000000 0.298859119 -0.003517259 -0.100074135 0.067879647 0.021490503 0.013691538 -0.997368157
1403637134288318976.000000 0.326822281 -0.006594771 -0.108018696 0.069781668 0.013706471 0.015198505 -0.997352362
1403637134338319104.000000 0.367789567 -0.009154501 -0.117075771 -0.070573121 -0.005716070 -0.016279636 0.997357428
1403637134388318976.000000 0.387286872 -0.011226792 -0.122901320 0.071241371 -0.003146231 0.016554296 -0.997316837
1403637134438319104.000000 0.399973392 -0.012683887 -0.126788974 0.073176600 -0.010047164 0.014349878 -0.997165203
1403637134488318976.000000 0.405106366 -0.013596556 -0.128313020 0.073377773 -0.014432772 0.009465080 -0.997154891
1403637134538319104.000000 0.401925713 -0.013174267 -0.127125010 0.074383907 -0.014820958 0.006120837 -0.997100770
1403637134588318976.000000 0.390553981 -0.011174224 -0.123429358 0.075684167 -0.011790132 0.005161568 -0.997048795
1403637134638319104.000000 0.371869296 -0.007498220 -0.117302902 0.077178061 -0.005994842 0.006528561 -0.996977925
1403637134688318976.000000 0.345920056 -0.002832270 -0.109008111 0.077845812 0.001713593 0.008245901 -0.996929884
1403637134738319104.000000 0.314326376 0.001924958 -0.098951489 0.076044723 0.011762157 0.008455658 -0.996999204
1403637134788318976.000000 0.279538602 0.006658964 -0.088347353 0.073565811 0.024126887 0.008471064 -0.996962547
1403637134838319104.000000 0.244359732 0.015618902 -0.072348647 -0.070850603 -0.037601300 -0.005566132 0.996762455
1403637134888318976.000000 0.207779601 0.018996600 -0.063446522 -0.068077974 -0.050662961 -0.002358344 0.996390045
1403637134938319104.000000 0.173087403 0.021635421 -0.056133006 0.067068957 0.061006986 -0.002121222 -0.995879292
1403637134988318976.000000 0.143075883 0.023842990 -0.049883403 -0.064649716 -0.067062072 0.006864421 0.995628476
1403637135038319104.000000 0.117396429 0.025539782 -0.045269433 0.063445739 0.070302248 -0.009538505 -0.995460331
1403637135088318976.000000 0.097189002 0.026872829 -0.042037006 -0.062569536 -0.072380424 0.011310451 0.995348334
1403637135138319104.000000 0.081804991 0.028227007 -0.039890606 0.062106080 0.075380400 -0.010407623 -0.995164454
1403637135188318976.000000 0.073010713 0.029294230 -0.039124671 -0.062287536 -0.080111012 0.008681397 0.994800031
1403637135238319104.000000 0.072385207 0.029778484 -0.040228054 0.062685326 0.087794743 -0.007127517 -0.994138837
1403637135288318976.000000 0.080789715 0.029110897 -0.045095533 -0.063647658 -0.094872266 0.006752546 0.993429780
1403637135338319104.000000 0.100905433 0.028578561 -0.049829759 -0.065344274 -0.096647963 0.006222659 0.993151903
1403637135388318976.000000 0.129772544 0.027434988 -0.056117374 -0.067298673 -0.092467472 0.004472862 0.993428826
1403637135438319104.000000 0.165220469 0.026090244 -0.063359864 0.069525003 0.083198331 -0.000890229 -0.994104445
1403637135488318976.000000 0.205426276 0.024438240 -0.071521893 0.072536394 0.071454667 0.004241247 -0.994793832
1403637135538319104.000000 0.248036981 0.021617107 -0.080230214 -0.074549772 -0.059070688 -0.008140645 0.995432913
1403637135588318976.000000 0.291038871 0.019117158 -0.089108914 0.078250811 0.048021507 0.012456967 -0.995698571
1403637135638319104.000000 0.332936406 0.016226202 -0.097671643 0.082281508 0.037266236 0.014384036 -0.995808303
1403637135688318976.000000 0.372368187 0.013128669 -0.105863154 0.084847972 0.026198205 0.014666733 -0.995941460
1403637135738319104.000000 0.409227312 0.010198729 -0.115041293 -0.085100070 -0.016646942 -0.012188958 0.996158779
1403637135788318976.000000 0.437788337 0.007180391 -0.121686593 0.084354281 0.008272580 0.008631060 -0.996364117
1403637135838319104.000000 0.456127346 0.008520285 -0.124085262 -0.083780736 -0.002532176 -0.006000862 0.996463001
1403637135888318976.000000 0.467207253 0.007989029 -0.126040652 0.083464272 -0.000706404 0.003260610 -0.996505260
1403637135938319104.000000 0.468136907 0.008604920 -0.124948025 0.084259018 -0.000839323 0.001994968 -0.996441603
1403637135988318976.000000 0.459484547 0.009416982 -0.121183805 0.083587535 0.001389155 0.001336802 -0.996498644
1403637136038319104.000000 0.441301942 0.010404664 -0.114771388 0.082700700 0.005315654 0.002006793 -0.996558309
1403637136088318976.000000 0.415020615 0.011996861 -0.105786666 0.083047919 0.010503640 0.003859935 -0.996482790
1403637136138319104.000000 0.383643210 0.011384736 -0.097087197 0.083825655 0.016638281 0.003954076 -0.996333718
1403637136188318976.000000 0.346059620 0.014018945 -0.085067339 0.085281752 0.025031950 0.006750546 -0.996019542
1403637136238319104.000000 0.306904316 0.021648763 -0.067938313 -0.085164987 -0.035181273 -0.004932022 0.995733321
1403637136288318976.000000 0.265699863 0.023571992 -0.057339165 0.084890805 0.047690056 0.004698317 -0.995237291
1403637136338319104.000000 0.226261735 0.025852375 -0.048140679 -0.085430942 -0.060701881 -0.003141400 0.994488299
1403637136388318976.000000 0.189301595 0.027460882 -0.040756147 -0.083914950 -0.073309571 0.000026820 0.993772626
1403637136438319104.000000 0.155560374 0.029404465 -0.035205897 -0.081837557 -0.085301906 0.002870313 0.992984414
1403637136488318976.000000 0.128418699 0.030670330 -0.031583883 -0.078754619 -0.095060118 0.007966748 0.992319465
1403637136538319104.000000 0.109021828 0.030886527 -0.029968752 -0.076444201 -0.102070883 0.012458592 0.991757393
1403637136588318976.000000 0.097998790 0.031045510 -0.029975865 -0.075425476 -0.106528372 0.014204090 0.991343021
1403637136638319104.000000 0.090759583 0.031179391 -0.032419272 -0.075183339 -0.109785184 0.014287228 0.991004884
1403637136688318976.000000 0.101167165 0.030703481 -0.036500219 -0.075433217 -0.111503899 0.011747436 0.990827322
1403637136738319104.000000 0.129296347 0.028607855 -0.042274773 -0.075032376 -0.110656463 0.011301544 0.990957916
1403637136788318976.000000 0.160363466 0.026735978 -0.049907148 -0.074904487 -0.107747421 0.010497509 0.991297007
1403637136838319104.000000 0.199440733 0.024149735 -0.060439348 0.074217297 0.100361854 -0.008930246 -0.992138922
1403637136888318976.000000 0.244306713 0.021815551 -0.071787819 0.075645588 0.089637220 -0.006147497 -0.993078589
1403637136938319104.000000 0.291552216 0.020015014 -0.079080105 -0.078372315 -0.077554569 0.005015497 0.993890345
1403637136988318976.000000 0.339715034 0.018608939 -0.090524614 0.084154196 0.065186240 -0.002688346 -0.994314671
1403637137038319104.000000 0.384980053 0.016956745 -0.102025852 0.089323245 0.052456174 -0.002900555 -0.994616151
1403637137088318976.000000 0.425707936 0.014206799 -0.117173128 0.093888521 0.039377049 -0.003819449 -0.994796395
1403637137138319104.000000 0.462446243 0.010493200 -0.126193628 -0.094718367 -0.027323985 0.008187254 0.995095432
1403637137188318976.000000 0.485999584 0.008205297 -0.132373646 0.093222424 0.016856141 -0.012234029 -0.995427489
1403637137238319104.000000 0.496975899 0.010609850 -0.131735012 -0.091102324 -0.009149898 0.012631442 0.995719433
1403637137288318976.000000 0.499959707 0.011611513 -0.131701097 0.090793535 0.004336078 -0.011750710 -0.995791018
1403637137338319104.000000 0.492949814 0.013341025 -0.128679201 0.090906352 0.000865030 -0.010380296 -0.995805025
1403637137388318976.000000 0.476016372 0.015087361 -0.122814544 0.090087868 -0.000797747 -0.008917056 -0.995893598
1403637137438319104.000000 0.450825006 0.017038336 -0.114183225 0.088315740 -0.000332138 -0.008974041 -0.996052086
1403637137488318976.000000 0.418478757 0.019412016 -0.103739567 0.088303372 0.004344545 -0.006275621 -0.996064365
1403637137538319104.000000 0.380806893 0.021751588 -0.092398681 0.087943189 0.012574193 -0.002975339 -0.996041656
1403637137588318976.000000 0.340782285 0.021519467 -0.084384985 0.090184905 0.024502013 0.002044308 -0.995621562
1403637137638319104.000000 0.300452828 0.024367660 -0.072839998 -0.092945941 -0.039398603 -0.004954259 0.994879067
1403637137688318976.000000 0.253153175 0.029921109 -0.054794863 -0.094736561 -0.053581450 -0.004445427 0.994049430
1403637137738319104.000000 0.211693853 0.031039223 -0.045068681 -0.093611874 -0.066764280 -0.001912208 0.993365884
1403637137788318976.000000 0.173830450 0.031610694 -0.038102183 -0.090805665 -0.077122502 0.001125693 0.992877305
1403637137838319104.000000 0.140611157 0.032285016 -0.033346377 -0.087301299 -0.085264862 0.003598764 0.992519796
1403637137888318976.000000 0.114278778 0.032463215 -0.031620093 -0.083503522 -0.092928298 0.004850971 0.992153287
1403637137938319104.000000 0.096315503 0.033237178 -0.031527765 -0.082098164 -0.101131186 0.004334483 0.991470456
1403637137988318976.000000 0.088456526 0.033995066 -0.032777149 -0.081400268 -0.110114142 0.003520515 0.990573883
1403637138038319104.000000 0.093318611 0.035049390 -0.035901759 -0.081201337 -0.117943667 0.003794581 0.989687502
1403637138088318976.000000 0.110729314 0.035254192 -0.040951945 -0.079981141 -0.121185839 0.006129918 0.989383399
1403637138138319104.000000 0.138105378 0.035140969 -0.045655306 -0.076795660 -0.119111985 0.007146377 0.989880681
1403637138188318976.000000 0.176182628 0.035429902 -0.053434409 -0.074950844 -0.112386204 0.001008542 0.990833402
1403637138238319104.000000 0.221335053 0.036116242 -0.063239321 0.078120336 0.100940570 0.009480176 -0.991775393
1403637138288318976.000000 0.269829035 0.035476357 -0.074103102 0.081631206 0.085539542 0.015445821 -0.992864966
1403637138338319104.000000 0.317378849 0.033341482 -0.084138758 -0.085123710 -0.067964777 -0.018553315 0.993876576
1403637138388318976.000000 0.363604963 0.030113680 -0.094701901 0.089601293 0.049359433 0.018591119 -0.994580150
1403637138438319104.000000 0.405058563 0.026935227 -0.104811892 0.094739996 0.032391429 0.020306828 -0.994767725
1403637138488318976.000000 0.439420313 0.023988506 -0.113842465 0.099551648 0.018369650 0.020160699 -0.994658589
1403637138538319104.000000 0.470299661 0.017213535 -0.128600344 0.103095487 0.007708357 0.019456606 -0.994451344
1403637138588318976.000000 0.485138029 0.016027793 -0.132727087 0.104746342 0.000101634 0.019394554 -0.994309902
1403637138638319104.000000 0.485215425 0.019274903 -0.129424840 0.103715666 -0.004770208 0.017957306 -0.994433463
1403637138688318976.000000 0.478007674 0.022590915 -0.123000108 -0.102528796 0.005277216 -0.016748223 0.994575083
1403637138738319104.000000 0.461710066 0.024146426 -0.116408512 0.100681342 -0.003453099 0.013642406 -0.994819224
1403637138788318976.000000 0.436888367 0.026803648 -0.106736168 0.100256599 0.001070445 0.011087223 -0.994899333
1403637138838319104.000000 0.404799521 0.030226640 -0.094169125 0.101501182 0.008012109 0.008844116 -0.994763851
1403637138888318976.000000 0.371025592 0.028862052 -0.088062987 0.102415659 0.017074371 0.007883436 -0.994563937
1403637138938319104.000000 0.329328567 0.032335922 -0.074592732 0.100858107 0.025768483 0.007557234 -0.994538367
1403637138988318976.000000 0.283388555 0.038111854 -0.056636322 0.095067434 0.032047451 0.002036413 -0.994952798
1403637139038319104.000000 0.241978556 0.040199444 -0.043224774 0.088678867 0.037631646 -0.003077868 -0.995344460
1403637139088318976.000000 0.202957287 0.045190003 -0.025577355 -0.082881682 -0.042063344 0.008177022 0.995637774
1403637139138319104.000000 0.166254610 0.045386676 -0.015204300 0.078769803 0.046131533 -0.011206864 -0.995761871
1403637139188318976.000000 0.133374110 0.045104034 -0.006147419 -0.074611403 -0.050180506 0.014070692 0.995849967
1403637139238319104.000000 0.105391741 0.044919942 0.001521693 0.071789116 0.053420682 -0.014083284 -0.995888710
1403637139288318976.000000 0.083638765 0.044709314 0.008826340 -0.069259994 -0.054600798 0.013734124 0.996008694
1403637139338319104.000000 0.067882620 0.044748452 0.015119505 -0.067430019 -0.055706862 0.012146639 0.996093571
1403637139388318976.000000 0.056923404 0.044727363 0.019711843 -0.065533020 -0.056703374 0.009227416 0.996195257
1403637139438319104.000000 0.049397707 0.045119185 0.023793451 -0.061007582 -0.056642048 0.006937597 0.996504724
1403637139488318976.000000 0.044067595 0.045026537 0.026974630 -0.056214761 -0.054990001 0.005729624 0.996886730
1403637139538319104.000000 0.034388132 0.043193724 0.025655214 -0.052390754 -0.052530244 0.006265451 0.997224510
1403637139588318976.000000 0.036556296 0.043210007 0.031379368 -0.050475769 -0.049401537 0.005320055 0.997488558
1403637139638319104.000000 0.033852179 0.042687327 0.033104032 -0.049146269 -0.046390794 0.002853152 0.997709572
1403637139688318976.000000 0.024699537 0.041682314 0.032022625 -0.047452930 -0.043789528 0.001831635 0.997911572
1403637139738319104.000000 0.020758623 0.041662190 0.033516061 -0.045813210 -0.042261261 0.001165256 0.998055041
1403637139788318976.000000 0.017168498 0.042322867 0.034782983 0.045714177 0.041623693 -0.000393390 -0.998086989
1403637139838319104.000000 0.023018492 0.043460943 0.035838820 -0.045049466 -0.038988665 0.001653466 0.998222291
1403637139888318976.000000 0.022803627 0.044568390 0.034266271 -0.045633294 -0.031684767 0.002186025 0.998453319
1403637139938319104.000000 0.021956941 0.046216540 0.033869904 -0.047494169 -0.026223129 0.004079788 0.998518944
1403637139988318976.000000 0.011281605 0.045718297 0.036039677 -0.049822900 -0.021611109 0.007328343 0.998497367
1403637140038319104.000000 0.010507301 0.046353497 0.034256600 -0.051976785 -0.016531175 0.011423598 0.998446107
1403637140088318976.000000 0.010499346 0.046959635 0.032349993 -0.055204589 -0.011170910 0.010579722 0.998356581
1403637140138319104.000000 0.010732953 0.047232844 0.029813314 -0.058324616 -0.004841550 0.010571841 0.998229980
1403637140188318976.000000 0.010696983 0.047696915 0.028231740 0.060039617 0.001761371 -0.011711257 -0.998125732
1403637140238319104.000000 0.009876671 0.048911419 0.027483199 0.062763698 0.003231360 -0.011593437 -0.997955859
1403637140288318976.000000 0.009539858 0.049908750 0.027457427 -0.063456535 -0.002995279 0.012734937 0.997898877
1403637140338319104.000000 0.008685559 0.050668847 0.027569864 -0.063164547 -0.002301539 0.015067965 0.997886717
1403637140388318976.000000 0.008810937 0.050351098 0.027251204 0.062773675 0.002063536 -0.016713180 -0.997885704
1403637140438319104.000000 0.009010457 0.050354518 0.026969526 0.062902249 0.002277095 -0.015796987 -0.997892141
1403637140488318976.000000 0.009091950 0.050058808 0.026653351 0.062663749 0.002008851 -0.016949175 -0.997888803
1403637140538319104.000000 0.009150198 0.049976390 0.026444539 0.062671117 0.002039975 -0.017056772 -0.997886419
1403637140588318976.000000 0.008808966 0.049922455 0.027139504 -0.062262364 -0.001880680 0.018222561 0.997891724
1403637140638319104.000000 0.008850990 0.049986016 0.026963355 0.062246222 0.001914156 -0.018113581 -0.997894645
1403637140688318976.000000 0.008900898 0.049920373 0.026804682 0.062111817 0.001911142 -0.018263422 -0.997900307
1403637140738319104.000000 0.008978595 0.049962532 0.026627442 0.062112279 0.001949239 -0.018176308 -0.997901797
1403637140788318976.000000 0.009046458 0.049926210 0.026464021 0.062024966 0.001998673 -0.018239396 -0.997905970
1403637140838319104.000000 0.009098178 0.049968850 0.026395662 0.062040955 0.002014359 -0.018301075 -0.997903824
1403637140888318976.000000 0.009067682 0.049881913 0.026479293 0.062078256 0.002030629 -0.018377984 -0.997900069
1403637140938319104.000000 0.009045594 0.049846753 0.026598584 0.062140785 0.002032803 -0.018318905 -0.997897208
1403637140988318976.000000 0.009027769 0.049794447 0.026758233 0.062122859 0.002079122 -0.018395573 -0.997896850
1403637141038319104.000000 0.009015522 0.049937688 0.026984178 0.062133763 0.002074810 -0.018395346 -0.997896194
1403637141088318976.000000 0.008792265 0.049996570 0.027326431 -0.062094823 -0.001932174 0.018316045 0.997900367
1403637141138319104.000000 0.008850260 0.050081708 0.027166916 0.062144823 0.001953595 -0.018225949 -0.997898817
1403637141188318976.000000 0.008929614 0.050081670 0.027014488 0.062110126 0.001963128 -0.018329091 -0.997899115
1403637141238319104.000000 0.009022535 0.050081845 0.026904240 0.062131297 0.001949142 -0.018254668 -0.997899175
1403637141288318976.000000 0.009104937 0.049998835 0.026843725 0.062131960 0.001963116 -0.018287614 -0.997898459
1403637141338319104.000000 0.009192998 0.049867719 0.026829280 0.062109828 0.001963572 -0.018324953 -0.997899175
1403637141388318976.000000 0.009223435 0.049855717 0.026923249 0.062149052 0.001967870 -0.018314274 -0.997896910
1403637141438319104.000000 0.009237019 0.049846530 0.027015533 0.062153105 0.001995466 -0.018322114 -0.997896492
1403637141488318976.000000 0.009220467 0.049875319 0.027178310 0.062169433 0.001965937 -0.018351816 -0.997894943
1403637141538319104.000000 0.009195314 0.049922399 0.027352853 0.062169652 0.001987434 -0.018348360 -0.997895002
1403637141588318976.000000 0.008651365 0.049911316 0.027321445 -0.062152166 -0.002058735 0.018255603 0.997897625
1403637141638319104.000000 0.008701109 0.049870756 0.027240802 0.062195197 0.002017747 -0.018277235 -0.997894645
1403637141688318976.000000 0.008913059 0.049668498 0.026492763 0.062163383 0.002026427 -0.018323699 -0.997895718
1403637141738319104.000000 0.008984268 0.049648736 0.026436532 0.062190775 0.002015919 -0.018287493 -0.997894704
1403637141788318976.000000 0.008861040 0.049767058 0.027107103 0.062191598 0.002073254 -0.018328853 -0.997893810
1403637141838319104.000000 0.009017122 0.049628399 0.026480002 0.062163725 0.002027273 -0.018324988 -0.997895718
1403637141888318976.000000 0.009026781 0.049689222 0.026594782 0.062173136 0.002048514 -0.018279193 -0.997895896
1403637141938319104.000000 0.008990195 0.049700290 0.026775880 0.062116157 0.002050352 -0.018405702 -0.997897148
1403637141988318976.000000 0.009000586 0.049871098 0.026943021 0.062157702 0.002009857 -0.018381475 -0.997895122
1403637142038319104.000000 0.008967908 0.049936831 0.027060740 0.062159061 0.001981421 -0.018429652 -0.997894168
1403637142088318976.000000 0.008864000 0.050292458 0.026992058 -0.062037352 -0.001850298 0.018716415 0.997896671
1403637142138319104.000000 0.008797127 0.050296858 0.026985895 0.062002238 0.001896149 -0.018779570 -0.997897565
1403637142188318976.000000 0.008529011 0.049921017 0.027171817 0.062191721 0.002090400 -0.018320633 -0.997893929
1403637142238319104.000000 0.008802258 0.050254468 0.027049594 0.062049989 0.001825174 -0.018763503 -0.997895062
1403637142288318976.000000 0.008860775 0.050203085 0.027091034 0.062067822 0.001813713 -0.018738149 -0.997894466
1403637142338319104.000000 0.008890735 0.050144307 0.027090974 0.062054619 0.001805888 -0.018770831 -0.997894585
1403637142388318976.000000 0.008928078 0.050182994 0.027136087 0.062097535 0.001791111 -0.018686462 -0.997893572
1403637142438319104.000000 0.008910438 0.050184086 0.027207535 0.062058315 0.001808496 -0.018787222 -0.997894049
1403637142488318976.000000 0.008681657 0.049839228 0.027445799 0.062215377 0.002049409 -0.018412109 -0.997890830
1403637142538319104.000000 0.008918151 0.050277259 0.027319832 0.062055837 0.001773224 -0.018835196 -0.997893453
1403637142588318976.000000 0.008918936 0.050102171 0.026592819 -0.062055793 -0.001786454 0.018749272 0.997895002
1403637142638319104.000000 0.008882016 0.050088011 0.026632190 0.062053021 0.001811339 -0.018798724 -0.997894168
1403637142688318976.000000 0.008895900 0.050115477 0.026655396 0.062049840 0.001819755 -0.018756099 -0.997895181
1403637142738319104.000000 0.008977586 0.050123431 0.026677340 0.062043857 0.001819860 -0.018776186 -0.997895122
1403637142788318976.000000 0.009103450 0.050134134 0.026710536 0.062029630 0.001800334 -0.018817537 -0.997895300
1403637142838319104.000000 0.009179292 0.050165076 0.026716985 0.062049139 0.001783678 -0.018835390 -0.997893810
1403637142888318976.000000 0.009189411 0.050206754 0.026668422 0.062033184 0.001745650 -0.018839853 -0.997894824
1403637142938319104.000000 0.009186904 0.050239388 0.026651053 0.062012568 0.001747473 -0.018872846 -0.997895420
1403637142988318976.000000 0.009141199 0.050268441 0.026628092 0.062002324 0.001736984 -0.018899407 -0.997895539
1403637143038319104.000000 0.009200975 0.050352462 0.026625153 0.061991129 0.001687924 -0.018919470 -0.997895956
1403637143088318976.000000 0.009061608 0.050134700 0.026381308 -0.061987568 -0.001776707 0.018884556 0.997896731
1403637143138319104.000000 0.009081805 0.050150808 0.026332377 0.061968248 0.001812334 -0.018862642 -0.997898281
1403637143188318976.000000 0.009119734 0.050184350 0.026300989 0.061997604 0.001798224 -0.018882358 -0.997896075
1403637143238319104.000000 0.009177901 0.050235260 0.026298178 0.062001519 0.001792107 -0.018877057 -0.997895956
1403637143288318976.000000 0.009203228 0.050272435 0.026347917 0.061994936 0.001779418 -0.018905647 -0.997895837
1403637143338319104.000000 0.009262244 0.050353218 0.026488617 0.061978657 0.001803079 -0.018898102 -0.997896910
1403637143388318976.000000 0.009280821 0.050389916 0.026661897 0.061976567 0.001770986 -0.018915001 -0.997896791
1403637143438319104.000000 0.009284504 0.050499931 0.026898941 0.061999686 0.001724770 -0.018919438 -0.997895360
1403637143488318976.000000 0.009273137 0.050572682 0.027046062 0.061975118 0.001713844 -0.018965701 -0.997896075
1403637143538319104.000000 0.009217815 0.050550174 0.027105328 0.061958231 0.001770550 -0.018999267 -0.997896314
1403637143588318976.000000 0.008930922 0.049835283 0.025985627 -0.061925884 -0.001658551 0.018962940 0.997899234
1403637143638319104.000000 0.008910092 0.049792070 0.025983399 0.061892159 0.001744692 -0.019014236 -0.997900248
1403637143688318976.000000 0.008864052 0.049826413 0.026072437 0.061940353 0.001754715 -0.018973269 -0.997897983
1403637143738319104.000000 0.008895349 0.049806606 0.026139010 0.061980836 0.001714372 -0.018945597 -0.997896135
1403637143788318976.000000 0.008930684 0.049835268 0.026197160 0.062000118 0.001683902 -0.018972900 -0.997894406
1403637143838319104.000000 0.008989957 0.049853697 0.026225314 0.061979845 0.001715350 -0.019044606 -0.997894228
1403637143888318976.000000 0.008956890 0.050038781 0.026335746 0.061987288 0.001666104 -0.019010162 -0.997894526
1403637143938319104.000000 0.008964479 0.050104227 0.026414042 0.061751291 0.001688186 -0.018932264 -0.997910619
1403637143988318976.000000 0.008895420 0.050181866 0.026485700 0.061790768 0.001742299 -0.018921746 -0.997908235
1403637144038319104.000000 0.008862875 0.050301053 0.026582092 0.061833393 0.001741480 -0.019028449 -0.997903585
1403637144088318976.000000 0.009125464 0.050294276 0.026741503 -0.061800528 -0.001694263 0.019037299 0.997905552
1403637144138319104.000000 0.008907485 0.050372962 0.026695486 0.061922930 0.001672651 -0.019238068 -0.997894108
1403637144188318976.000000 0.008131661 0.049987949 0.026141237 0.062032051 0.001693881 -0.019064335 -0.997890651
1403637144238319104.000000 0.008009746 0.049750298 0.026088554 0.061967868 0.001728476 -0.019232830 -0.997891366
1403637144288318976.000000 0.008148308 0.049921304 0.026254777 0.062069289 0.001789296 -0.019080233 -0.997887909
1403637144338319104.000000 0.008298552 0.049797885 0.026205698 0.062127639 0.001696489 -0.019179966 -0.997882545
1403637144388318976.000000 0.008335884 0.049489733 0.025884103 0.062034361 0.001639078 -0.019172447 -0.997888505
1403637144438319104.000000 0.008504679 0.049504563 0.025899999 0.061932370 0.001580024 -0.019197779 -0.997894466
1403637144488318976.000000 0.008670290 0.049554907 0.025900250 0.061839163 0.001565260 -0.019122776 -0.997901738
1403637144538319104.000000 0.009349918 0.049893644 0.026388235 0.061712496 0.001537145 -0.019195851 -0.997908235
1403637144588318976.000000 0.009018107 0.050481588 0.026666109 -0.062201779 -0.001710177 0.019330066 0.997874916
1403637144638319104.000000 0.009028849 0.050249711 0.026686609 0.061985921 0.001596794 -0.019274045 -0.997889698
1403637144688318976.000000 0.008729088 0.049836237 0.026931753 0.062021319 0.001666480 -0.019227516 -0.997888267
1403637144738319104.000000 0.009121320 0.049844608 0.026695311 0.061808035 0.001530968 -0.019141098 -0.997903407
1403637144788318976.000000 0.008857452 0.049716186 0.026932934 0.061896786 0.001504635 -0.019115744 -0.997898400
1403637144838319104.000000 0.008948559 0.049763374 0.026750324 0.061908327 0.001553898 -0.019037336 -0.997899055
1403637144888318976.000000 0.008962885 0.050041791 0.026908610 0.061855040 0.001614694 -0.019105319 -0.997901022
1403637144938319104.000000 0.009086658 0.050093003 0.026800230 0.061739497 0.001653584 -0.018910423 -0.997911811
1403637144988318976.000000 0.009159877 0.050162602 0.026807265 0.061473858 0.001792716 -0.018931331 -0.997927547
1403637145038319104.000000 0.009184593 0.050266530 0.026747469 0.061586328 0.001782657 -0.018927088 -0.997920752
1403637145088318976.000000 0.008924209 0.050425354 0.026835769 -0.061685305 -0.001823514 0.019230904 0.997908771
1403637145138319104.000000 0.008916656 0.050423011 0.026848527 0.061790790 0.001896751 -0.019297939 -0.997900784
1403637145188318976.000000 0.008668680 0.050381090 0.026788337 0.061937105 0.001771205 -0.019144718 -0.997894883
1403637145238319104.000000 0.008716199 0.050476085 0.026802799 0.061966900 0.001741931 -0.019220144 -0.997891605
1403637145288318976.000000 0.008858243 0.050602037 0.026843091 0.062018331 0.001776787 -0.019260136 -0.997887611
1403637145338319104.000000 0.009026517 0.050680511 0.026864802 0.061923124 0.001728647 -0.019311680 -0.997892559
1403637145388318976.000000 0.009106452 0.050755050 0.026911709 0.061952036 0.001718507 -0.019268231 -0.997891665
1403637145438319104.000000 0.009144365 0.050739259 0.026970230 0.061899237 0.001688504 -0.019265451 -0.997895062
1403637145488318976.000000 0.009163803 0.050717000 0.026964121 0.061865401 0.001649069 -0.019295765 -0.997896612
1403637145538319104.000000 0.009401136 0.050792031 0.027066266 0.061908487 0.001789894 -0.019489741 -0.997889936
1403637145588318976.000000 0.008642854 0.050301913 0.026848361 -0.061919231 -0.001589897 0.019286064 0.997893631
1403637145638319104.000000 0.008686558 0.050463054 0.026910052 0.061863575 0.001635670 -0.019334242 -0.997896016
1403637145688318976.000000 0.009067199 0.051199228 0.027239276 0.061826028 0.001880567 -0.019445393 -0.997895777
1403637145738319104.000000 0.009185150 0.051319212 0.027324576 0.061753500 0.001859528 -0.019507272 -0.997899055
1403637145788318976.000000 0.009273786 0.051375914 0.027415182 0.061733395 0.001840282 -0.019482983 -0.997900784
1403637145838319104.000000 0.009305222 0.051230792 0.027465520 0.061766028 0.001860662 -0.019507466 -0.997898281
1403637145888318976.000000 0.008989046 0.050538398 0.027180491 0.061861817 0.001652117 -0.019304611 -0.997896731
1403637145938319104.000000 0.008908579 0.050405532 0.027060820 0.061850507 0.001651856 -0.019323412 -0.997897029
1403637145988318976.000000 0.008829945 0.050318558 0.026949193 0.061827499 0.001662874 -0.019260054 -0.997899652
1403637146038319104.000000 0.008777818 0.050280258 0.026889246 0.061812121 0.001712807 -0.019296471 -0.997899830
1403637146088318976.000000 0.008837896 0.050554913 0.027043331 -0.061900221 -0.001687054 0.019246243 0.997895420
1403637146138319104.000000 0.008764506 0.050605655 0.027056757 0.061887585 0.001673701 -0.019243736 -0.997896194
1403637146188318976.000000 0.008723941 0.050623652 0.027047256 0.061909135 0.001665300 -0.019090269 -0.997897863
1403637146238319104.000000 0.008702388 0.050719973 0.026943386 0.062197372 0.001642196 -0.018633137 -0.997888625
1403637146288318976.000000 0.008831351 0.050268553 0.026230924 0.061713561 0.001729174 -0.019377351 -0.997904301
1403637146338319104.000000 0.008632954 0.050300784 0.026274126 0.061931014 0.001703985 -0.018836493 -0.997901261
1403637146388318976.000000 0.008672787 0.050348207 0.026891107 0.061775923 0.001578012 -0.019362623 -0.997900963
1403637146438319104.000000 0.008505085 0.050319504 0.026288657 0.061973810 0.001808415 -0.018954137 -0.997896135
1403637146488318976.000000 0.008682685 0.050345398 0.026304875 0.061848510 0.001802479 -0.019400446 -0.997895360
1403637146538319104.000000 0.008498057 0.050673913 0.027076090 0.062041003 0.001673410 -0.019046122 -0.997890472
1403637146588318976.000000 0.008980767 0.050500393 0.027175879 -0.061861370 -0.001725202 0.019393560 0.997894883
1403637146638319104.000000 0.008711348 0.050760370 0.027016645 0.061944254 0.001744689 -0.019040165 -0.997896552
1403637146688318976.000000 0.007977977 0.050844144 0.026066305 0.061779011 0.001645380 -0.019340448 -0.997901142
1403637146738319104.000000 0.007948459 0.051022694 0.025968147 0.061855130 0.001679310 -0.019123860 -0.997900546
1403637146788318976.000000 0.008042741 0.050962709 0.025956184 0.061781321 0.001668139 -0.019297076 -0.997901797
1403637146838319104.000000 0.008202633 0.050849434 0.026095783 0.061828978 0.001657757 -0.019174201 -0.997901201
1403637146888318976.000000 0.008354804 0.050622310 0.026219001 0.061826359 0.001680831 -0.019223608 -0.997900426
1403637146938319104.000000 0.008482384 0.050593670 0.026442502 0.061900739 0.001710914 -0.019176381 -0.997896671
1403637146988318976.000000 0.009144800 0.050592672 0.027485596 0.061993323 0.001650020 -0.018991660 -0.997894585
1403637147038319104.000000 0.008623007 0.050509643 0.026814219 0.061837904 0.001690737 -0.019174362 -0.997900605
1403637147088318976.000000 0.009050453 0.050326340 0.026947690 -0.061908256 -0.001776303 0.018983254 0.997899771
1403637147138319104.000000 0.009005992 0.050196901 0.026993865 0.061963473 0.001824501 -0.019013286 -0.997895658
1403637147188318976.000000 0.008979208 0.050098319 0.027057754 0.062040661 0.001770110 -0.019006606 -0.997891068
1403637147238319104.000000 0.008721557 0.050144251 0.026891550 0.062036701 0.001726028 -0.019074952 -0.997890115
1403637147288318976.000000 0.008782328 0.050197139 0.027015917 0.062032137 0.001733787 -0.019163700 -0.997888744
1403637147338319104.000000 0.008837850 0.050220646 0.027179051 0.062018801 0.001722508 -0.019202732 -0.997888803
1403637147388318976.000000 0.008863582 0.050352313 0.027308390 0.061946169 0.001696641 -0.019227803 -0.997892857
1403637147438319104.000000 0.008833018 0.050487958 0.027418317 0.061986163 0.001693234 -0.019156139 -0.997891784
1403637147488318976.000000 0.008814953 0.050545212 0.027460644 0.061936129 0.001680439 -0.019209407 -0.997893929
1403637147538319104.000000 0.008973571 0.050590485 0.027128464 0.061896570 0.001653859 -0.019117974 -0.997898102
1403637147588318976.000000 0.008900337 0.050580464 0.026931968 -0.061740760 -0.001781757 0.019535171 0.997899473
1403637147638319104.000000 0.008928546 0.050260440 0.027103473 0.061816387 0.001778100 -0.019323960 -0.997898877
1403637147688318976.000000 0.008868532 0.049574539 0.027124161 0.061911386 0.001714056 -0.019073356 -0.997897923
1403637147738319104.000000 0.009028007 0.049693145 0.027462238 0.061836451 0.001737707 -0.019414891 -0.997895956
1403637147788318976.000000 0.008960840 0.049463052 0.027329506 0.061991926 0.001699280 -0.019093832 -0.997892618
1403637147838319104.000000 0.009007810 0.049806014 0.026814049 0.062002692 0.001664738 -0.019112613 -0.997891665
1403637147888318976.000000 0.009026055 0.049884327 0.027291624 0.062004909 0.001700281 -0.019110072 -0.997891426
1403637147938319104.000000 0.009098929 0.050394841 0.027414033 0.061865296 0.001762744 -0.019407513 -0.997894287
1403637147988318976.000000 0.009082493 0.050532695 0.027371349 0.061824694 0.001743998 -0.019476723 -0.997895479
1403637148038319104.000000 0.009078805 0.050628088 0.027399076 0.061837580 0.001743701 -0.019462977 -0.997894943
1403637148088318976.000000 0.009019194 0.050526500 0.026991293 -0.061931882 -0.001679573 0.018987816 0.997898340
1403637148138319104.000000 0.009063327 0.050803687 0.026771083 0.061973307 0.001661380 -0.018932428 -0.997896850
1403637148188318976.000000 0.009037123 0.051026937 0.026595326 0.061918218 0.001671158 -0.019000515 -0.997898996
1403637148238319104.000000 0.008953545 0.051104661 0.026391182 0.061767239 0.001746432 -0.018945087 -0.997909248
1403637148288318976.000000 0.009000309 0.050885253 0.025920305 0.061721202 0.001900505 -0.019293075 -0.997905195
1403637148338319104.000000 0.009063687 0.050757736 0.026024947 0.061641879 0.002017151 -0.019235132 -0.997910976
1403637148388318976.000000 0.009129347 0.050635777 0.026275717 0.061627805 0.001894730 -0.019239359 -0.997912049
1403637148438319104.000000 0.009184752 0.050653011 0.026583185 0.061477974 0.001972981 -0.019250419 -0.997920871
1403637148488318976.000000 0.009218507 0.050694719 0.026781797 0.061420638 0.002079427 -0.019119203 -0.997926712
1403637148538319104.000000 0.009025355 0.050359830 0.026693828 -0.061374836 -0.001891641 0.018686704 0.997938097
1403637148588318976.000000 0.009060987 0.050358910 0.026846310 0.061247025 0.001974052 -0.018629035 -0.997946858
1403637148638319104.000000 0.009039820 0.050346971 0.026813380 0.060860533 0.002376732 -0.018457375 -0.997972846
1403637148688318976.000000 0.009093412 0.050360281 0.027342126 -0.060313962 -0.002407146 0.018934790 0.997996986
1403637148738319104.000000 0.009109170 0.050481264 0.027414372 0.060068339 0.002697571 -0.018542236 -0.998018444
1403637148788318976.000000 0.009071458 0.050645899 0.027128167 0.059816651 0.002649018 -0.018339384 -0.998037398
1403637148838319104.000000 0.009091634 0.050690990 0.027213834 0.059657391 0.002821769 -0.018060373 -0.998051584
1403637148888318976.000000 0.008737197 0.050240923 0.025875462 -0.059043795 -0.003130252 0.018518535 0.998078704
1403637148938319104.000000 0.008664042 0.050227698 0.025961645 0.058739282 0.003285848 -0.018258078 -0.998100996
1403637148988318976.000000 0.008786012 0.050329547 0.027018579 0.058381826 0.003395223 -0.018358633 -0.998119771
1403637149038319104.000000 0.008828998 0.050402310 0.027869524 0.058187857 0.003678332 -0.017963160 -0.998137295
1403637149088318976.000000 0.009081994 0.050358359 0.029132348 0.057811454 0.003696833 -0.018091679 -0.998156786
1403637149138319104.000000 0.009232077 0.050439119 0.030527806 0.057639696 0.003802084 -0.017986922 -0.998168230
1403637149188318976.000000 0.009284087 0.051179688 0.032462370 0.057381760 0.003927615 -0.017455587 -0.998192012
1403637149238319104.000000 0.009359302 0.051013999 0.031896155 0.057105210 0.003924415 -0.017748488 -0.998202682
1403637149288318976.000000 0.009397047 0.051344093 0.032381464 0.056696899 0.003980824 -0.017637623 -0.998227715
1403637149338319104.000000 0.009007593 0.051038910 0.027849419 0.056285214 0.004227839 -0.017509010 -0.998252273
1403637149388318976.000000 0.008803749 0.050395962 0.025300214 -0.055887602 -0.004520996 0.017318223 0.998276651
1403637149438319104.000000 0.008691685 0.050467547 0.025074333 0.055212587 0.004706890 -0.017014762 -0.998318553
1403637149488318976.000000 0.008746701 0.050664119 0.025250828 -0.054551344 -0.005145895 0.016607283 0.998359680
1403637149538319104.000000 0.008718922 0.050817836 0.025760239 -0.054009806 -0.005605766 0.016012328 0.998396277
1403637149588318976.000000 0.008810173 0.050971724 0.025681991 -0.052063603 -0.007883403 0.014567762 0.998506427
1403637149638319104.000000 0.008515131 0.050855372 0.024684669 -0.048517227 -0.012639200 0.012082582 0.998669267
1403637149688318976.000000 0.008390978 0.051026408 0.025180595 -0.043045375 -0.016665027 0.009003555 0.998893559
1403637149738319104.000000 0.008134181 0.051848002 0.024109952 -0.040380370 -0.018276053 0.007322226 0.998990417
1403637149788318976.000000 0.007872770 0.052449346 0.023615707 -0.038230732 -0.022203458 0.007856799 0.998991370
1403637149838319104.000000 0.008149768 0.053421862 0.023258399 -0.036667958 -0.027432792 0.007371153 0.998923719
1403637149888318976.000000 0.008043121 0.056002442 0.023221670 -0.036202911 -0.035921283 0.008777006 0.998660147
1403637149938319104.000000 0.008678344 0.059973594 0.022917338 0.037298311 0.044926617 -0.006172936 -0.998274684
1403637149988318976.000000 0.010174020 0.064394891 0.020230031 -0.039111119 -0.055733524 0.001573146 0.997678161
1403637150038319104.000000 0.014413478 0.070296332 0.019001940 -0.041839994 -0.066141285 -0.004323376 0.996923268
1403637150088318976.000000 0.020510120 0.077622332 0.017478598 -0.045540482 -0.074928492 -0.009667456 0.996101618
1403637150138319104.000000 0.029299090 0.085507743 0.016733918 -0.049033228 -0.080585800 -0.014529143 0.995434940
1403637150188318976.000000 0.040303729 0.093911231 0.017444106 -0.052623514 -0.081951998 -0.017524919 0.995091796
1403637150238319104.000000 0.053090140 0.102684885 0.019790830 -0.055786286 -0.080969028 -0.019349590 0.994966149
1403637150288318976.000000 0.068652429 0.111184590 0.024080224 -0.058256730 -0.076831765 -0.019695431 0.995145857
1403637150338319104.000000 0.085243255 0.119760148 0.029935881 -0.060718421 -0.072541036 -0.019711317 0.995320320
1403637150388318976.000000 0.102999695 0.127730757 0.036831070 0.061926860 0.063750185 0.017426958 -0.995890260
1403637150438319104.000000 0.123641737 0.136294559 0.040708683 -0.063430890 -0.057095811 -0.016121209 0.996221244
1403637150488318976.000000 0.141198099 0.144628406 0.049083721 0.065337770 0.052437380 0.015916221 -0.996357381
1403637150538319104.000000 0.158452556 0.153015152 0.057902694 0.067237787 0.049239058 0.015203102 -0.996405303
1403637150588318976.000000 0.175065443 0.161415979 0.067182340 0.068732351 0.048058916 0.014900223 -0.996365547
1403637150638319104.000000 0.191573307 0.169872463 0.076801389 0.070098422 0.046489287 0.014449514 -0.996351421
1403637150688318976.000000 0.207608297 0.178284436 0.086804971 0.071262293 0.045915093 0.014275543 -0.996298015
1403637150738319104.000000 0.227368668 0.187274843 0.102184564 0.072336711 0.045365188 0.015749093 -0.996223569
1403637150788318976.000000 0.242649883 0.195547834 0.113140762 0.073223703 0.044867586 0.016076468 -0.996176124
1403637150838319104.000000 0.259798050 0.207115144 0.127632082 -0.074047923 -0.043368120 -0.016112754 0.996181011
1403637150888318976.000000 0.274997205 0.214678556 0.138807356 0.074613295 0.039485525 0.017017204 -0.996285200
1403637150938319104.000000 0.289258987 0.221853524 0.150076613 0.074803598 0.035485908 0.017457945 -0.996413827
1403637150988318976.000000 0.302470177 0.228740230 0.161355734 0.074833155 0.031549890 0.017977703 -0.996534705
1403637151038319104.000000 0.314643323 0.235356838 0.172542453 0.074511439 0.028204691 0.018403521 -0.996651351
1403637151088318976.000000 0.326081812 0.241968066 0.183390424 0.074168861 0.024548197 0.019306839 -0.996756613
1403637151138319104.000000 0.336918116 0.248304427 0.193886518 0.073674262 0.020371268 0.020291146 -0.996867776
1403637151188318976.000000 0.346498162 0.254684061 0.203698263 0.072852708 0.019350367 0.020768635 -0.996938765
1403637151238319104.000000 0.356038988 0.260651350 0.212392509 0.072207615 0.022293020 0.020247415 -0.996934891
1403637151288318976.000000 0.367110550 0.265885830 0.219408020 0.070828445 0.025843119 0.018551130 -0.996981144
1403637151338319104.000000 0.377303094 0.275230497 0.230994001 -0.068582132 -0.029823584 -0.014703883 0.997091234
1403637151388318976.000000 0.392388016 0.279372245 0.235221580 0.066036642 0.033489581 0.008847822 -0.997215807
1403637151438319104.000000 0.410593480 0.283504367 0.238614470 0.064309143 0.036299538 0.004022204 -0.997261524
1403637151488318976.000000 0.430129021 0.288069963 0.241136506 0.064374752 0.038223293 0.006140352 -0.997174621
1403637151538319104.000000 0.449026823 0.293082029 0.243733764 0.064163454 0.039404694 0.007127720 -0.997135699
1403637151588318976.000000 0.466220647 0.299924552 0.250132531 -0.064380430 -0.039701886 -0.009037088 0.997094452
1403637151638319104.000000 0.483263135 0.306224734 0.253319561 0.064412318 0.040127374 0.011047578 -0.997055054
1403637151688318976.000000 0.499261618 0.312942863 0.256710827 0.064475201 0.039754309 0.012839009 -0.997044504
1403637151738319104.000000 0.513601124 0.320016474 0.260424793 0.064571179 0.040589206 0.013773591 -0.996992230
1403637151788318976.000000 0.525811076 0.326700062 0.269253403 -0.064372674 -0.040890787 -0.014398817 0.996983886
1403637151838319104.000000 0.537531257 0.334412783 0.273834199 0.064196385 0.040944051 0.015142111 -0.996981978
1403637151888318976.000000 0.548074603 0.342574716 0.278866082 0.064382300 0.040857870 0.016250880 -0.996956110
1403637151938319104.000000 0.557813406 0.350742012 0.284267575 0.064588271 0.041374262 0.017136838 -0.996906638
1403637151988318976.000000 0.567967951 0.358667582 0.289682329 0.064166024 0.041576896 0.017051533 -0.996926963
1403637152038319104.000000 0.579626381 0.366308659 0.294311583 0.063786611 0.041900344 0.016556012 -0.996946156
1403637152088318976.000000 0.593099713 0.370654583 0.307297468 -0.063245647 -0.042354941 -0.015489251 0.996978581
1403637152138319104.000000 0.605708182 0.378121406 0.311133027 0.062938638 0.043217726 0.014687240 -0.996973038
1403637152188318976.000000 0.617924035 0.385705382 0.315092236 0.062832877 0.044142313 0.013983530 -0.996949375
1403637152238319104.000000 0.628803432 0.393511444 0.319534123 0.062377099 0.044912912 0.012737183 -0.996960282
1403637152288318976.000000 0.638007462 0.401711613 0.324744046 0.062297393 0.045512624 0.012447395 -0.996941745
1403637152338319104.000000 0.645458221 0.410402119 0.330561608 0.061736368 0.046609689 0.010776820 -0.996945381
1403637152388318976.000000 0.651682556 0.419567615 0.336886197 0.061689503 0.046193600 0.011610156 -0.996958256
1403637152438319104.000000 0.669557512 0.422773898 0.361581028 -0.062216878 -0.047418293 -0.011626068 0.996867836
1403637152488318976.000000 0.673166335 0.432384908 0.370088190 0.062255707 0.047659840 0.012407554 -0.996844471
1403637152538319104.000000 0.675230384 0.442262322 0.379356652 0.061998673 0.047297310 0.012232636 -0.996879935
1403637152588318976.000000 0.675960243 0.452523768 0.389344871 0.062356215 0.047763236 0.012893008 -0.996827126
1403637152638319104.000000 0.676232517 0.463005930 0.399902344 0.062279776 0.046756178 0.013042451 -0.996877611
1403637152688318976.000000 0.676190436 0.473634154 0.410935193 0.062233184 0.045934804 0.012896454 -0.996920645
1403637152738319104.000000 0.677012801 0.484362721 0.421945602 0.062065497 0.043943487 0.012403381 -0.997027099
1403637152788318976.000000 0.679275155 0.494974613 0.432859123 0.060862120 0.041203048 0.010308619 -0.997242153
1403637152838319104.000000 0.683266938 0.505708218 0.442704678 0.060625970 0.038637727 0.009682805 -0.997365475
1403637152888318976.000000 0.689210773 0.516422689 0.450866401 0.060136087 0.036343060 0.009590232 -0.997482300
1403637152938319104.000000 0.700657248 0.524973691 0.475254714 -0.060220208 -0.034729037 -0.010845079 0.997521877
1403637152988318976.000000 0.710034609 0.535905480 0.480877429 0.060289506 0.034509916 0.011508198 -0.997517884
1403637153038319104.000000 0.720127523 0.546830118 0.485092312 0.060241707 0.033977311 0.012350012 -0.997528970
1403637153088318976.000000 0.729739487 0.558098078 0.489171952 0.061067794 0.034765977 0.013465117 -0.997437119
1403637153138319104.000000 0.737981617 0.569513738 0.493380368 0.061391801 0.035805482 0.014199216 -0.997370243
1403637153188318976.000000 0.744623363 0.581214547 0.497903913 0.061643466 0.037248041 0.014447144 -0.997298360
1403637153238319104.000000 0.749992192 0.592973471 0.502747536 0.062418174 0.038479332 0.016073441 -0.997178555
1403637153288318976.000000 0.754161596 0.604917288 0.507879257 0.062741190 0.039022867 0.017035563 -0.997121155
1403637153338319104.000000 0.757534921 0.617219031 0.513430655 0.063071392 0.039053224 0.018014919 -0.997081935
1403637153388318976.000000 0.758374870 0.632010162 0.541421413 -0.063611455 -0.039495163 -0.019163823 0.997008801
1403637153438319104.000000 0.762769103 0.643229961 0.548114359 0.063727222 0.040640406 0.019694479 -0.996945024
1403637153488318976.000000 0.768681884 0.654001951 0.553803682 0.064343944 0.042488728 0.020686939 -0.996808290
1403637153538319104.000000 0.775982797 0.664210439 0.559306443 0.064704545 0.045000687 0.020858537 -0.996671081
1403637153588318976.000000 0.784809411 0.674039781 0.564763725 0.064549461 0.046364713 0.019873921 -0.996638715
1403637153638319104.000000 0.795519531 0.683778524 0.570711017 0.064779162 0.047049239 0.020365672 -0.996581852
1403637153688318976.000000 0.808572948 0.693019807 0.577102244 0.064429276 0.045787662 0.020065697 -0.996669352
1403637153738319104.000000 0.822582483 0.702071846 0.583563566 0.064772815 0.044894483 0.020795684 -0.996672690
1403637153788318976.000000 0.836293995 0.711038947 0.590687215 0.064687639 0.042172123 0.020596543 -0.996801317
1403637153838319104.000000 0.848714292 0.720197737 0.598665535 0.064126648 0.040458325 0.019261222 -0.996935308
1403637153888318976.000000 0.852602422 0.729856968 0.609289646 -0.064237989 -0.039295968 -0.019704409 0.996965945
1403637153938319104.000000 0.861785829 0.738783062 0.617989182 0.064495310 0.037658747 0.020272797 -0.997001171
1403637153988318976.000000 0.868978262 0.747576654 0.627412140 0.064137608 0.036848456 0.019337567 -0.997073054
1403637154038319104.000000 0.873998106 0.756282926 0.637205601 0.064122535 0.037443306 0.019255202 -0.997053444
1403637154088318976.000000 0.876763284 0.765031636 0.647454917 0.063487113 0.039316505 0.017216591 -0.997059286
1403637154138319104.000000 0.877184868 0.773879170 0.658347726 0.062159542 0.043705691 0.012880425 -0.997025669
1403637154188318976.000000 0.875613689 0.782791972 0.669787407 0.059795797 0.049454495 0.004202478 -0.996976018
1403637154238319104.000000 0.873203337 0.792186499 0.681492925 0.057551350 0.053490724 -0.004144195 -0.996899962
1403637154288318976.000000 0.869705558 0.802411973 0.693865478 0.055868197 0.057209156 -0.010572706 -0.996741772
1403637154338319104.000000 0.865679264 0.813949347 0.707037568 0.055177350 0.058750015 -0.013616811 -0.996653616
1403637154388318976.000000 0.858266354 0.823001266 0.712368548 -0.056569744 -0.057909768 0.011191269 0.996654928
1403637154438319104.000000 0.854567826 0.837940216 0.727347195 0.058175959 0.053936657 -0.007009306 -0.996823609
1403637154488318976.000000 0.850732982 0.854070783 0.743052423 0.059793245 0.049180008 -0.002565293 -0.996995270
1403637154538319104.000000 0.847063124 0.871297061 0.759275854 0.061608188 0.046193015 0.001489503 -0.997029841
1403637154588318976.000000 0.843940139 0.889302492 0.775502503 0.064047426 0.045489784 0.005865632 -0.996892273
1403637154638319104.000000 0.843014240 0.910030723 0.796616912 0.066845641 0.047136333 0.011060799 -0.996587992
1403637154688318976.000000 0.838651240 0.925662756 0.808476388 0.070341393 0.051495306 0.016095247 -0.996062934
1403637154738319104.000000 0.836158633 0.943689585 0.825225592 0.074408762 0.055360109 0.019067099 -0.995507479
1403637154788318976.000000 0.835581601 0.958507359 0.834047973 -0.080087833 -0.058519557 -0.019519655 0.994877100
1403637154838319104.000000 0.834956467 0.976066828 0.851844788 -0.086278006 -0.061671421 -0.017603625 0.994204640
1403637154888318976.000000 0.835417509 0.993574023 0.869916558 0.091649398 0.062600449 0.014654252 -0.993713737
1403637154938319104.000000 0.836722672 1.010745645 0.889197469 0.096891269 0.065695338 0.012972976 -0.993039787
1403637154988318976.000000 0.840539753 1.027628422 0.909628272 0.101355918 0.064698607 0.009264820 -0.992701054
1403637155038319104.000000 0.846885860 1.044099450 0.930334806 0.106917307 0.063156910 0.007752589 -0.992229700
1403637155088318976.000000 0.855991066 1.060343504 0.951912642 0.113089129 0.060811553 0.003923149 -0.991714358
1403637155138319104.000000 0.867779315 1.076074719 0.974021614 0.119987316 0.054511361 0.001108439 -0.991277158
1403637155188318976.000000 0.880803525 1.091068864 0.996099651 0.125567839 0.050305609 -0.002340794 -0.990806103
1403637155238319104.000000 0.900643528 1.104918599 1.010628104 -0.130240008 -0.046085425 0.002874328 0.990406692
1403637155288318976.000000 0.917312741 1.118849158 1.033130765 -0.133346766 -0.042604469 0.004163842 0.990144551
1403637155338319104.000000 0.934837580 1.133803010 1.056815863 0.136884809 0.038424730 -0.004752565 -0.989830077
1403637155388318976.000000 0.951571822 1.148659706 1.080328226 0.141384974 0.034534533 -0.007073754 -0.989326894
1403637155438319104.000000 0.966348529 1.163851857 1.103805661 0.147513196 0.031773411 -0.009513160 -0.988503873
1403637155488318976.000000 0.979085803 1.179252148 1.127070308 0.154783756 0.028300751 -0.012619298 -0.987462401
1403637155538319104.000000 0.989277661 1.194521308 1.150307536 0.161404312 0.026497034 -0.016615892 -0.986392736
1403637155588318976.000000 1.000763655 1.207897305 1.166726470 -0.166908637 -0.025399186 0.021621916 0.985408008
1403637155638319104.000000 1.007332325 1.223168731 1.190062523 0.171368271 0.024315590 -0.027367653 -0.984526694
1403637155688318976.000000 1.011843562 1.238494277 1.212859750 0.175659463 0.024622854 -0.032751638 -0.983597875
1403637155738319104.000000 1.014706016 1.254476786 1.236060143 0.181131452 0.023532433 -0.037319262 -0.982468843
1403637155788318976.000000 1.015732408 1.271077037 1.258038044 0.187527254 0.023195596 -0.042992584 -0.981043935
1403637155838319104.000000 1.015646458 1.288807034 1.279664874 0.195307016 0.021860430 -0.048394490 -0.979303479
1403637155888318976.000000 1.013741016 1.307661772 1.300481796 0.205036074 0.023873642 -0.052698642 -0.977043092
1403637155938319104.000000 1.014785767 1.327836633 1.319407225 -0.215618670 -0.026514722 0.056371871 0.974488497
1403637155988318976.000000 1.011541128 1.348616362 1.338635087 0.226823598 0.026424777 -0.060032316 -0.971724749
1403637156038319104.000000 1.008361578 1.370204926 1.357291460 0.237698257 0.024196623 -0.064850964 -0.968869627
1403637156088318976.000000 1.005057096 1.392401576 1.374963641 0.248440787 0.021274239 -0.070376813 -0.965852857
1403637156138319104.000000 1.003035903 1.417474508 1.395166397 -0.259659529 -0.018061444 0.075440332 0.962579668
1403637156188318976.000000 0.999462485 1.441347480 1.409557819 0.271338046 0.015731839 -0.081056997 -0.958935916
1403637156238319104.000000 0.996562004 1.466367960 1.422887444 0.283255100 0.013041582 -0.086885832 -0.955011725
1403637156288318976.000000 0.993829608 1.492049456 1.434285641 0.295852631 0.011505161 -0.091514416 -0.950770199
1403637156338319104.000000 0.990442872 1.521810651 1.452353001 -0.308174998 -0.009802547 0.097517595 0.946267724
1403637156388318976.000000 0.987459660 1.549072742 1.460689902 0.321289003 0.009077468 -0.101939984 -0.941434741
1403637156438319104.000000 0.983860254 1.577249169 1.467501879 0.334106505 0.008327416 -0.106758982 -0.936432660
1403637156488318976.000000 0.979594231 1.605918169 1.472345591 0.346963704 0.006884503 -0.110841244 -0.931280375
1403637156538319104.000000 0.975637913 1.641724467 1.486270428 -0.359862924 -0.004487885 0.114185117 0.925980747
1403637156588318976.000000 0.969629884 1.671774983 1.488438368 -0.372376949 -0.003805856 0.117193572 0.920644641
1403637156638319104.000000 0.961963058 1.702848434 1.489772081 0.385288537 0.002133970 -0.119586796 -0.915012121
1403637156688318976.000000 0.952592075 1.734277606 1.489558935 0.397728175 0.001662440 -0.121803336 -0.909380853
1403637156738319104.000000 0.944984972 1.771139026 1.496565104 -0.409874231 -0.000778001 0.123042107 0.903804898
1403637156788318976.000000 0.931861520 1.803086877 1.494364500 -0.420156062 -0.003189567 0.123879962 0.898950815
1403637156838319104.000000 0.917774081 1.836927772 1.493515491 0.429236859 0.007379237 -0.123439819 -0.894686460
1403637156888318976.000000 0.902430177 1.869962573 1.491136074 0.436276972 0.011476058 -0.123940893 -0.891161799
1403637156938319104.000000 0.885917366 1.903057694 1.488489509 0.442160070 0.015775891 -0.122285709 -0.888420999
1403637156988318976.000000 0.871993661 1.942393184 1.496827364 -0.446382403 -0.019948032 0.122610420 0.886178076
1403637157038319104.000000 0.852496803 1.975375772 1.494466186 -0.448883712 -0.022898661 0.123582438 0.884707093
1403637157088318976.000000 0.833300233 2.010000944 1.493075252 0.450028449 0.024520438 -0.125362843 -0.883831143
1403637157138319104.000000 0.814707518 2.044540167 1.491437197 0.450218976 0.024782326 -0.127914622 -0.883361042
1403637157188318976.000000 0.797851086 2.079643488 1.489712596 0.449584574 0.024320507 -0.129883245 -0.883409679
1403637157238319104.000000 0.782509208 2.115358353 1.487394691 0.448974282 0.023438409 -0.131520852 -0.883501589
1403637157288318976.000000 0.769222081 2.151857853 1.484548330 0.447699040 0.022067806 -0.133122280 -0.883944094
1403637157338319104.000000 0.757938921 2.189397812 1.481288791 0.445910305 0.020308107 -0.134988710 -0.884607136
1403637157388318976.000000 0.754728317 2.235593319 1.497809887 -0.444079787 -0.018527873 0.138253137 0.885062695
1403637157438319104.000000 0.748247385 2.275387526 1.493305564 0.441298008 0.016428463 -0.142296523 -0.885854363
1403637157488318976.000000 0.743692040 2.315867901 1.487299800 0.438554585 0.014951375 -0.145054311 -0.886795223
1403637157538319104.000000 0.740838408 2.357331753 1.479626775 0.436026484 0.013579003 -0.147452891 -0.887667894
1403637157588318976.000000 0.739686370 2.400190592 1.470350504 0.433861345 0.012371958 -0.148490235 -0.888573050
1403637157638319104.000000 0.739708900 2.444279432 1.459321141 0.432268679 0.012539404 -0.148401126 -0.889361441
1403637157688318976.000000 0.741375804 2.489554882 1.446492910 0.430756420 0.012467586 -0.148582682 -0.890065551
1403637157738319104.000000 0.747839928 2.540227413 1.448858619 -0.429688334 -0.012550239 0.148683771 0.890563667
1403637157788318976.000000 0.752774119 2.589831114 1.433407307 0.429627597 0.009803093 -0.145611376 -0.891134918
1403637157838319104.000000 0.757041454 2.640650272 1.416728139 0.430327147 0.007531984 -0.141024783 -0.891556978
1403637157888318976.000000 0.761078358 2.691016912 1.402431011 -0.431077749 -0.005525967 0.137612075 0.891742408
1403637157938319104.000000 0.762383699 2.744013309 1.383993149 -0.432129204 -0.003605748 0.132863447 0.891963422
1403637157988318976.000000 0.762498975 2.796728611 1.366046906 0.433411539 0.003583129 -0.128561512 -0.891971767
1403637158038319104.000000 0.761782765 2.848189831 1.354749680 -0.435108691 -0.003933607 0.122807153 0.891954839
1403637158088318976.000000 0.760982752 2.901726723 1.334374547 -0.436607093 -0.004784065 0.118441500 0.891808927
1403637158138319104.000000 0.761467159 2.956441879 1.313604832 0.437041134 0.004764460 -0.116330609 -0.891874194
1403637158188318976.000000 0.764397025 3.008428812 1.294665933 -0.437671393 -0.005299078 0.114282139 0.891826987
1403637158238319104.000000 0.768220067 3.061632633 1.271522999 -0.438346297 -0.003661911 0.114064850 0.891531467
1403637158288318976.000000 0.772010922 3.111999035 1.247251272 0.440190703 0.004325038 -0.114497833 -0.890563726
1403637158338319104.000000 0.777770042 3.162337065 1.223724961 -0.443779916 -0.004014021 0.115220554 0.888688743
1403637158388318976.000000 0.782712221 3.213220119 1.197143078 -0.448099762 -0.002601148 0.118324503 0.886114597
1403637158438319104.000000 0.787007928 3.263950348 1.170192361 0.454030454 0.001304494 -0.120818861 -0.882755578
1403637158488318976.000000 0.786577940 3.313188076 1.152595043 -0.460479379 0.001334580 0.124782734 0.878855109
1403637158538319104.000000 0.787056804 3.364074230 1.124639392 -0.467400730 0.004299869 0.130133942 0.874404550
1403637158588318976.000000 0.785371959 3.414945602 1.097058535 0.474662781 -0.007401115 -0.137134314 -0.869387567
1403637158638319104.000000 0.780759454 3.464142323 1.070405841 -0.482585222 0.010110246 0.143813893 0.863902152
1403637158688318976.000000 0.775533855 3.514492273 1.039985895 -0.491930455 0.012500063 0.148710325 0.857749045
1403637158738319104.000000 0.768079162 3.563651800 1.008075595 0.501621068 -0.013479709 -0.152833402 -0.851373434
1403637158788318976.000000 0.759257019 3.612779617 0.975376368 0.510259569 -0.012948726 -0.156231239 -0.845611811
1403637158838319104.000000 0.745870769 3.661290407 0.949361801 -0.517861187 0.009545914 0.158848926 0.840533018
1403637158888318976.000000 0.735468864 3.709570646 0.914845467 -0.523657501 0.008006660 0.161494568 0.836443841
1403637158938319104.000000 0.725974202 3.758609056 0.879707098 0.529814303 -0.003833310 -0.159436479 -0.832983911
1403637158988318976.000000 0.716183960 3.806177139 0.846524239 -0.534376860 -0.000512361 0.159032151 0.830150604
1403637159038319104.000000 0.709795594 3.855333805 0.809298754 -0.538399756 -0.004375221 0.157858655 0.827760398
1403637159088318976.000000 0.704857469 3.904308558 0.772076845 0.540639102 0.005567754 -0.157944024 -0.826276064
1403637159138319104.000000 0.698987544 3.952454090 0.738781691 -0.541581154 -0.004613481 0.159426674 0.825379848
1403637159188318976.000000 0.693143427 4.001010895 0.700864077 -0.541197896 -0.001821403 0.162604854 0.825021923
1403637159238319104.000000 0.685370088 4.048730850 0.663249969 0.540351927 -0.000789403 -0.165558264 -0.824990690
1403637159288318976.000000 0.675414264 4.098646164 0.628099203 -0.539067864 0.002558196 0.168098241 0.825313509
1403637159338319104.000000 0.664855003 4.147399902 0.589618921 -0.537799537 0.003733294 0.170154154 0.825715065
1403637159388318976.000000 0.652175009 4.197553158 0.550757647 0.536549449 -0.004185656 -0.171319008 -0.826285064
1403637159438319104.000000 0.638921618 4.247574329 0.513829947 -0.535758555 0.003757409 0.170261905 0.827018499
1403637159488318976.000000 0.624421358 4.298038960 0.473716497 -0.534487724 0.004269754 0.169911161 0.827909946
1403637159538319104.000000 0.609203935 4.348500729 0.434128046 0.534740627 -0.000348970 -0.166049033 -0.828540981
1403637159588318976.000000 0.592832029 4.400801659 0.398402929 -0.534939289 -0.003486695 0.163041458 0.829002559
1403637159638319104.000000 0.576507509 4.452266216 0.357228041 -0.535202086 -0.007558248 0.159570664 0.829481125
1403637159688318976.000000 0.560675859 4.505093575 0.315647125 0.535156310 0.009679116 -0.156619698 -0.830050886
1403637159738319104.000000 0.547588170 4.556465149 0.275243998 -0.535586894 -0.011900139 0.153331861 0.830357969
1403637159788318976.000000 0.534925997 4.610069752 0.233173847 -0.535560727 -0.012358039 0.151413456 0.830720186
1403637159838319104.000000 0.524562716 4.663921833 0.191162825 0.536817312 0.012549905 -0.149451435 -0.830261469
1403637159888318976.000000 0.514548182 4.717902184 0.148336411 0.539798856 0.013498624 -0.148427933 -0.828495145
1403637159938319104.000000 0.506258428 4.771275520 0.110197306 -0.544196010 -0.013589782 0.151323542 0.825086236
1403637159988318976.000000 0.495097756 4.825833321 0.067405939 -0.550363541 -0.014057763 0.153656080 0.820543766
1403637160038319104.000000 0.483599067 4.880778790 0.025081873 0.557745993 0.010631205 -0.156073526 -0.815136492
1403637160088318976.000000 0.472099066 4.936065674 -0.014196396 -0.565642774 -0.005600911 0.158910915 0.809175074
1403637160138319104.000000 0.459268987 4.991368771 -0.056225061 -0.574146330 0.000153546 0.162134454 0.802538812
1403637160188318976.000000 0.446468174 5.046191216 -0.097103357 -0.583907008 0.003899869 0.164917618 0.794883370
1403637160238319104.000000 0.431769371 5.100447178 -0.139269114 -0.594553888 0.005508753 0.167183027 0.786463797
1403637160288318976.000000 0.416113853 5.154099464 -0.181461096 0.605245292 -0.007855335 -0.170784712 -0.777463257
1403637160338319104.000000 0.398953915 5.206599712 -0.215996027 -0.617090642 0.008975051 0.173599258 0.767451644
1403637160388318976.000000 0.380924463 5.258827686 -0.258753300 -0.628636599 0.010379442 0.178146169 0.756949425
1403637160438319104.000000 0.362431526 5.310593128 -0.297522068 -0.641241014 0.010095160 0.181509078 0.745494843
1403637160488318976.000000 0.342236757 5.360785484 -0.341100693 -0.653888643 0.008377726 0.184371084 0.733734787
1403637160538319104.000000 0.321858287 5.413463593 -0.380392075 -0.666371047 0.005285082 0.187796921 0.721563578
1403637160588318976.000000 0.300036788 5.462575912 -0.423651695 -0.678429186 0.004306756 0.191099048 0.709363461
1403637160638319104.000000 0.277850509 5.511834621 -0.466167450 0.689967692 -0.001711259 -0.194037601 -0.697345734
1403637160688318976.000000 0.257519126 5.562500000 -0.500851631 0.699013233 0.000171806 -0.198297217 -0.687065303
1403637160738319104.000000 0.235775352 5.610993385 -0.542042255 0.706018746 0.002673883 -0.202834055 -0.678519547
1403637160788318976.000000 0.216822982 5.657756805 -0.574609756 0.712272286 0.005250217 -0.205893844 -0.671005607
1403637160838319104.000000 0.199816704 5.706536293 -0.614340782 0.716775358 0.006195258 -0.208190903 -0.665470719
1403637160888318976.000000 0.185234189 5.757268906 -0.653403759 0.720124483 0.006536434 -0.210992590 -0.660954058
1403637160938319104.000000 0.173810005 5.805839539 -0.684373379 0.722262323 0.007591656 -0.214442268 -0.657490790
1403637160988318976.000000 0.165167689 5.856562138 -0.723563671 0.723151565 0.006779648 -0.218344942 -0.655233860
1403637161038319104.000000 0.159579992 5.908649921 -0.761464596 0.723228812 0.005036248 -0.222847596 -0.653646529
1403637161088318976.000000 0.158334494 5.957296371 -0.793546200 0.722990274 0.001466710 -0.226505235 -0.652670145
1403637161138319104.000000 0.159194946 6.011838913 -0.833569050 0.722263932 -0.004351276 -0.230035514 -0.652226627
1403637161188318976.000000 0.162329435 6.067502975 -0.872935295 0.720855117 -0.013129741 -0.234773114 -0.651979387
1403637161238319104.000000 0.168284178 6.118946075 -0.911246300 0.719603002 -0.023799427 -0.237291217 -0.652148724
1403637161288318976.000000 0.174204111 6.174570084 -0.954723835 0.717662692 -0.032373417 -0.241025656 -0.652548015
1403637161338319104.000000 0.181033373 6.226838112 -0.997416019 0.716516137 -0.037715882 -0.242448315 -0.652993917
1403637161388318976.000000 0.189540386 6.281687737 -1.045938015 0.716698289 -0.037707876 -0.241136178 -0.653280258
1403637161438319104.000000 0.198874235 6.334746838 -1.096783161 0.718590319 -0.033900090 -0.238212630 -0.652482569
1403637161488318976.000000 0.210490704 6.380463123 -1.142006397 0.721128106 -0.031604692 -0.236467019 -0.650429785
1403637161538319104.000000 0.219794035 6.433461189 -1.197116375 0.724260211 -0.027984008 -0.236576617 -0.647066891
1403637161588318976.000000 0.228312969 6.484633446 -1.251935482 0.728386879 -0.026977921 -0.236343861 -0.642546773
1403637161638319104.000000 0.234118700 6.533977032 -1.306077957 0.732660353 -0.026210781 -0.236009970 -0.637825310
1403637161688318976.000000 0.239998817 6.585053921 -1.363422394 0.737294614 -0.027207790 -0.234013736 -0.633161962
1403637161738319104.000000 0.243913412 6.635082245 -1.419963360 0.742129385 -0.029006502 -0.229785189 -0.628968596
1403637161788318976.000000 0.247444391 6.685806751 -1.478300095 0.747673094 -0.031293802 -0.222114787 -0.625036597
1403637161838319104.000000 0.251975298 6.730422974 -1.531706333 0.753261447 -0.035226792 -0.213421568 -0.621134102
1403637161888318976.000000 0.253103971 6.778479576 -1.589843750 0.758870065 -0.038767722 -0.204569012 -0.617061496
1403637161938319104.000000 0.252166271 6.824109077 -1.646038055 0.763565183 -0.044162333 -0.196624175 -0.613479257
1403637161988318976.000000 0.250446320 6.868058205 -1.702998161 0.767548740 -0.048241150 -0.189312354 -0.610493779
1403637162038319104.000000 0.246717930 6.908290386 -1.756487370 0.770801365 -0.051902469 -0.183412671 -0.607890785
1403637162088318976.000000 0.241142035 6.946323395 -1.810670853 0.772896051 -0.054198649 -0.180464864 -0.605909824
1403637162138319104.000000 0.234734774 6.978959560 -1.860445023 0.773611367 -0.057195686 -0.180101410 -0.604828477
1403637162188318976.000000 0.224961996 7.010962963 -1.911591053 0.772648513 -0.060461134 -0.184354722 -0.604460239
1403637162238319104.000000 0.213526011 7.039873600 -1.960764885 0.770779908 -0.062978670 -0.190959916 -0.604538143
1403637162288318976.000000 0.200622797 7.065838337 -2.009807110 0.768755853 -0.064858466 -0.197023019 -0.604970932
1403637162338319104.000000 0.187240362 7.088860035 -2.056604862 0.767051935 -0.064869896 -0.201923892 -0.605516374
1403637162388318976.000000 0.170993805 7.109181404 -2.105456829 0.764811337 -0.066491149 -0.207592994 -0.606257141
1403637162438319104.000000 0.152358532 7.127415657 -2.154624462 0.761966109 -0.067604557 -0.214663610 -0.607253611
1403637162488318976.000000 0.133185148 7.142453194 -2.204477787 0.759605825 -0.061524268 -0.222165942 -0.608157873
1403637162538319104.000000 0.114559412 7.155414581 -2.256361485 0.758333862 -0.053303950 -0.226834908 -0.608797431
1403637162588318976.000000 0.098304033 7.165746689 -2.309989452 0.758210242 -0.047785845 -0.227284670 -0.609241664
1403637162638319104.000000 0.085093021 7.177577019 -2.362786293 0.759811103 -0.045242358 -0.222651020 -0.609152555
1403637162688318976.000000 0.073256969 7.186193466 -2.420232773 0.762122393 -0.050095856 -0.215588093 -0.608425558
1403637162738319104.000000 0.061879873 7.193295956 -2.478708744 0.765353620 -0.059711855 -0.208644018 -0.605917573
1403637162788318976.000000 0.049001455 7.197081089 -2.537593842 0.769598901 -0.067746110 -0.203817293 -0.601320684
1403637162838319104.000000 0.033999205 7.198117256 -2.595262051 0.775100529 -0.069866002 -0.201647520 -0.594706893
1403637162888318976.000000 0.016471624 7.196648121 -2.654532909 0.781564057 -0.071296945 -0.200206831 -0.586508095
1403637162938319104.000000 -0.003291607 7.192903996 -2.714372635 0.789342165 -0.069924161 -0.199053422 -0.576565206
1403637162988318976.000000 -0.023066282 7.192039490 -2.768721581 0.797554016 -0.067040756 -0.199009672 -0.565515995
1403637163038319104.000000 -0.045536995 7.181832790 -2.827583790 0.806264520 -0.064509220 -0.199848220 -0.553025126
1403637163088318976.000000 -0.068484068 7.168256283 -2.885144711 0.815606654 -0.062166426 -0.201152489 -0.538942337
1403637163138319104.000000 -0.092481613 7.153116703 -2.940842152 0.825661778 -0.059256528 -0.201741368 -0.523518562
1403637163188318976.000000 -0.117596388 7.134297371 -2.996600151 0.835346460 -0.057475019 -0.203697950 -0.507346153
1403637163238319104.000000 -0.143054485 7.112876892 -3.049696922 0.845197082 -0.056019753 -0.204577416 -0.490562826
1403637163288318976.000000 -0.169305325 7.088512421 -3.101917267 0.854027033 -0.055522364 -0.206205428 -0.474377841
1403637163338319104.000000 -0.195293903 7.066203117 -3.152558327 0.861913800 -0.056795180 -0.209008530 -0.458469629
1403637163388318976.000000 -0.222398520 7.037173271 -3.200348854 0.868456244 -0.059284367 -0.213375449 -0.443554044
1403637163438319104.000000 -0.248900890 7.017827034 -3.240756035 0.874035060 -0.062198780 -0.219106048 -0.429169595
1403637163488318976.000000 -0.277105093 6.983864784 -3.284158707 0.878145099 -0.065770812 -0.226101413 -0.416429609
1403637163538319104.000000 -0.304677248 6.950970650 -3.325782776 0.881111205 -0.067564160 -0.234263361 -0.405214608
1403637163588318976.000000 -0.332135916 6.912734985 -3.366772652 0.882264912 -0.070094079 -0.244427502 -0.396170110
1403637163638319104.000000 -0.356143951 6.877876282 -3.406774521 0.882555068 -0.069964685 -0.255548239 -0.388454169
1403637163688318976.000000 -0.378779411 6.835720539 -3.448090553 0.882447541 -0.071595989 -0.264264464 -0.382524222
1403637163738319104.000000 -0.398426771 6.799455643 -3.483563423 0.881818771 -0.073972471 -0.274045616 -0.376593679
1403637163788318976.000000 -0.417000055 6.754241943 -3.528113365 0.881624639 -0.074834220 -0.279515356 -0.372839272
1403637163838319104.000000 -0.431111336 6.710064411 -3.572603226 0.880771458 -0.077641279 -0.284832895 -0.370248169
1403637163888318976.000000 -0.444871664 6.660911560 -3.620365143 0.879926682 -0.082469366 -0.288435012 -0.368419856
1403637163938319104.000000 -0.456272364 6.610198021 -3.669663429 0.879952729 -0.086698368 -0.288912803 -0.367009729
1403637163988318976.000000 -0.465303421 6.567129135 -3.719042778 0.880349398 -0.089939110 -0.288356125 -0.365714073
1403637164038319104.000000 -0.475189447 6.512426376 -3.773578644 0.880779386 -0.090594292 -0.287035942 -0.365555465
1403637164088318976.000000 -0.482038260 6.458521366 -3.828993797 0.881779909 -0.090871193 -0.283958137 -0.365478545
1403637164138319104.000000 -0.489232779 6.399492264 -3.887906075 0.882604778 -0.090248220 -0.280592054 -0.366240710
1403637164188318976.000000 -0.493890762 6.344129562 -3.947163582 0.883602858 -0.088571109 -0.276938051 -0.367023826
1403637164238319104.000000 -0.499954700 6.281029701 -4.009040833 0.884151161 -0.085102215 -0.274562985 -0.368306339
1403637164288318976.000000 -0.503139496 6.216946602 -4.071945667 0.885578930 -0.078578994 -0.270065546 -0.369648486
1403637164338319104.000000 -0.508560658 6.149892807 -4.135019779 0.885921597 -0.071841985 -0.268527359 -0.371314913
1403637164388318976.000000 -0.515057802 6.081845284 -4.197654247 0.885534525 -0.067948483 -0.268260330 -0.373159558
1403637164438319104.000000 -0.521843433 6.019005775 -4.260067940 0.884506166 -0.064240374 -0.269937038 -0.375041395
1403637164488318976.000000 -0.532869577 5.948888302 -4.321918488 0.882580996 -0.065369762 -0.272872329 -0.377251029
1403637164538319104.000000 -0.546416283 5.878931046 -4.383163452 0.880408406 -0.070111766 -0.275479436 -0.379574180
1403637164588318976.000000 -0.560834646 5.810729504 -4.448086262 0.878328562 -0.073035240 -0.278032690 -0.381972134
1403637164638319104.000000 -0.578890562 5.739045143 -4.510204315 0.876542985 -0.075616285 -0.280123532 -0.384038359
1403637164688318976.000000 -0.598235130 5.667370319 -4.573750496 0.875851393 -0.073268548 -0.280248076 -0.385975540
1403637164738319104.000000 -0.617417574 5.594999313 -4.640435219 0.876865804 -0.067858733 -0.276734114 -0.387194872
1403637164788318976.000000 -0.639854908 5.520843029 -4.705582619 0.879515707 -0.061280120 -0.270451963 -0.386720330
1403637164838319104.000000 -0.662738323 5.454179764 -4.766138554 0.882464409 -0.056826733 -0.264671862 -0.384676814
1403637164888318976.000000 -0.688240051 5.378274918 -4.832287788 0.885620475 -0.051967051 -0.260215461 -0.381134838
1403637164938319104.000000 -0.714544058 5.302767754 -4.895527840 0.888471246 -0.049086876 -0.257650465 -0.376597553
1403637164988318976.000000 -0.742687702 5.225896835 -4.960579872 0.891149759 -0.047634427 -0.256746024 -0.371031731
1403637165038319104.000000 -0.771020412 5.151112556 -5.023345470 0.894255102 -0.046517227 -0.255990148 -0.364160866
1403637165088318976.000000 -0.800501347 5.075036049 -5.088008404 0.897793710 -0.047183108 -0.254692793 -0.356190890
1403637165138319104.000000 -0.829478502 4.999334335 -5.151826382 0.902348578 -0.049053907 -0.251278460 -0.346727550
1403637165188318976.000000 -0.859433413 4.922671318 -5.215373039 0.906798065 -0.048028328 -0.250073016 -0.335967511
1403637165238319104.000000 -0.888516903 4.845226765 -5.272712708 0.910823524 -0.047900397 -0.250456959 -0.324618757
1403637165288318976.000000 -0.916570425 4.767327309 -5.333469868 0.914283812 -0.045840573 -0.253404617 -0.312681615
1403637165338319104.000000 -0.941890240 4.689244270 -5.389657021 0.916459680 -0.044077653 -0.259666562 -0.301217616
1403637165388318976.000000 -0.964794874 4.610454082 -5.447697639 0.917987406 -0.041412119 -0.266461253 -0.290830821
1403637165438319104.000000 -0.985192060 4.531930923 -5.505102158 0.918699563 -0.040096182 -0.273874760 -0.281737566
1403637165488318976.000000 -1.002541542 4.454135895 -5.562880993 0.919578731 -0.039590105 -0.278590828 -0.274216741
1403637165538319104.000000 -1.017378092 4.376419067 -5.620227814 0.920979977 -0.036614280 -0.281098843 -0.267280221
1403637165588318976.000000 -1.030961752 4.301418781 -5.670781136 0.921901047 -0.034332722 -0.284297109 -0.260950208
1403637165638319104.000000 -1.042636395 4.225957870 -5.728070259 0.923706174 -0.027237969 -0.284313470 -0.255325168
1403637165688318976.000000 -1.054368258 4.151979923 -5.784862041 0.925379217 -0.020203307 -0.283525378 -0.250755906
1403637165738319104.000000 -1.069114447 4.078690529 -5.841472626 0.926837742 -0.012969363 -0.282435596 -0.247050241
1403637165788318976.000000 -1.082918167 4.008721828 -5.897631645 0.928085148 -0.005220979 -0.281150490 -0.244100749
1403637165838319104.000000 -1.096843481 3.939696789 -5.949364185 0.929315388 0.002243087 -0.279213458 -0.241677254
1403637165888318976.000000 -1.112795353 3.874257565 -6.002090931 0.929750979 0.008474817 -0.277981699 -0.241283298
1403637165938319104.000000 -1.126553774 3.812730789 -6.046216011 0.929812968 0.014823860 -0.276243061 -0.242730021
1403637165988318976.000000 -1.144668341 3.753378391 -6.095667839 0.929274082 0.021119947 -0.274600357 -0.246167406
1403637166038319104.000000 -1.162484407 3.697973251 -6.140480518 0.928331554 0.025744172 -0.272949129 -0.251070738
1403637166088318976.000000 -1.185797453 3.645368814 -6.186706543 0.927416325 0.030856140 -0.271448314 -0.255465657
1403637166138319104.000000 -1.209071159 3.596845150 -6.227366924 0.926607132 0.033617113 -0.270052612 -0.259501010
1403637166188318976.000000 -1.238821745 3.550706863 -6.268647194 0.925718606 0.035874564 -0.268910378 -0.263524801
1403637166238319104.000000 -1.270523787 3.508105040 -6.308028698 0.925492287 0.034472153 -0.265786529 -0.267643958
1403637166288318976.000000 -1.298114300 3.471376896 -6.341130257 0.925828993 0.029919708 -0.261207312 -0.271507502
1403637166338319104.000000 -1.327179670 3.435323715 -6.376930237 0.927753031 0.024122464 -0.249978229 -0.276049525
1403637166388318976.000000 -1.350968480 3.402730465 -6.407673359 0.930348992 0.014995283 -0.234598473 -0.281406403
1403637166438319104.000000 -1.374748707 3.371518612 -6.436791420 0.931857765 0.006353423 -0.221540555 -0.287263900
1403637166488318976.000000 -1.396169186 3.338419676 -6.459233761 0.932133079 0.002240354 -0.213654697 -0.292360604
1403637166538319104.000000 -1.415480733 3.308569431 -6.479939938 0.931331575 -0.000492024 -0.211067066 -0.296769440
1403637166588318976.000000 -1.433529139 3.278887033 -6.496366024 0.929297030 0.000902335 -0.214631110 -0.300565809
1403637166638319104.000000 -1.445791245 3.252396345 -6.509650707 0.926193953 0.004474696 -0.223484024 -0.303643882
1403637166688318976.000000 -1.461410165 3.223578930 -6.518514156 0.921947360 0.010166097 -0.236944601 -0.306214094
1403637166738319104.000000 -1.475954533 3.196098804 -6.525159836 0.918807983 0.018987969 -0.245658398 -0.308355927
1403637166788318976.000000 -1.490325332 3.170756340 -6.529668808 0.916356742 0.027212581 -0.251480907 -0.310333937
1403637166838319104.000000 -1.498363733 3.154861212 -6.536948204 0.915104687 0.036072232 -0.253166646 -0.311751336
1403637166888318976.000000 -1.511404157 3.135718822 -6.537774086 0.915089130 0.045402080 -0.250121146 -0.313033551
1403637166938319104.000000 -1.524255633 3.120106459 -6.536336899 0.915531337 0.054084126 -0.245028868 -0.314385444
1403637166988318976.000000 -1.535528779 3.108232021 -6.532433510 0.917057872 0.060990952 -0.236544073 -0.315169722
1403637167038319104.000000 -1.543904424 3.100015163 -6.525006294 0.918321729 0.067975760 -0.228319407 -0.316124648
1403637167088318976.000000 -1.546994805 3.102528572 -6.518425465 0.919459522 0.073719986 -0.219910830 -0.317488253
1403637167138319104.000000 -1.546775460 3.101375818 -6.501463413 0.920757353 0.078663886 -0.211771563 -0.318073481
1403637167188318976.000000 -1.542170882 3.104525566 -6.480179310 0.922017872 0.081952088 -0.204122946 -0.318591833
1403637167238319104.000000 -1.532869577 3.112059832 -6.454160690 0.922920525 0.084563546 -0.198817492 -0.318650931
1403637167288318976.000000 -1.519827843 3.123526573 -6.422791958 0.923345327 0.085520253 -0.196838990 -0.318393141
1403637167338319104.000000 -1.504623532 3.139507055 -6.386923790 0.923263371 0.084894285 -0.198664397 -0.317663699
1403637167388318976.000000 -1.488737464 3.159344435 -6.345961094 0.922536552 0.081955440 -0.204434007 -0.316885501
1403637167438319104.000000 -1.476926804 3.187876701 -6.307314396 0.920538366 0.073305927 -0.215494022 -0.317486525
1403637167488318976.000000 -1.461223602 3.215632915 -6.257662773 0.918472469 0.058364023 -0.226788312 -0.318699151
1403637167538319104.000000 -1.454076052 3.249495983 -6.209719181 0.915779889 0.041441560 -0.239082128 -0.320108742
1403637167588318976.000000 -1.438394904 3.283821344 -6.155110359 0.913219810 0.024229633 -0.249243319 -0.321434855
1403637167638319104.000000 -1.424486399 3.319927692 -6.099895477 0.910811961 0.007995839 -0.257000625 -0.322968155
1403637167688318976.000000 -1.409913778 3.357720375 -6.043076992 0.908497870 -0.003295737 -0.262410581 -0.325209945
1403637167738319104.000000 -1.400245428 3.395159721 -5.986807823 0.905951142 -0.009274490 -0.266876966 -0.328547210
1403637167788318976.000000 -1.388323069 3.434915781 -5.928586006 0.902945697 -0.012083369 -0.271432430 -0.332967639
1403637167838319104.000000 -1.386424780 3.475397587 -5.871305466 0.899510622 -0.012672354 -0.275540411 -0.338818014
1403637167888318976.000000 -1.375448704 3.516370058 -5.813558102 0.896004260 -0.010694451 -0.279684812 -0.344729632
1403637167938319104.000000 -1.363799810 3.557496548 -5.757434368 0.893300772 -0.007134609 -0.281883150 -0.350006700
1403637167988318976.000000 -1.354455233 3.597936392 -5.704035759 0.891831994 -0.000789931 -0.280685604 -0.354754537
1403637168038319104.000000 -1.339013815 3.640871763 -5.651181221 0.890846014 0.004817964 -0.278220713 -0.359114915
1403637168088318976.000000 -1.322797537 3.685050488 -5.598963261 0.889505208 0.006293355 -0.277109951 -0.363250703
1403637168138319104.000000 -1.315577030 3.730760098 -5.546331406 0.887438953 0.003069486 -0.279061377 -0.366834521
1403637168188318976.000000 -1.304780483 3.777310371 -5.494213581 0.886045098 0.000343094 -0.279756367 -0.369675994
1403637168238319104.000000 -1.297990561 3.824690819 -5.442737103 0.885961771 -0.002056077 -0.276820660 -0.372072369
1403637168288318976.000000 -1.297756433 3.872402668 -5.390128613 0.886406183 -0.002911068 -0.272946715 -0.373865962
1403637168338319104.000000 -1.298364162 3.921819687 -5.337749004 0.887735367 -0.003706115 -0.266994834 -0.375001401
1403637168388318976.000000 -1.302709818 3.970590591 -5.284362793 0.889763594 -0.004924170 -0.258676559 -0.376009196
1403637168438319104.000000 -1.311544061 4.022371292 -5.228075027 0.891713142 -0.006102167 -0.250803053 -0.376707286
1403637168488318976.000000 -1.317958117 4.072063446 -5.173296452 0.892936766 -0.011089372 -0.244816869 -0.377631813
1403637168538319104.000000 -1.326268077 4.122089386 -5.117336750 0.893280149 -0.014556002 -0.242665142 -0.378090382
1403637168588318976.000000 -1.334412098 4.172003269 -5.060884953 0.892200649 -0.016616190 -0.245398700 -0.378789544
1403637168638319104.000000 -1.340538263 4.220709801 -5.004024506 0.891190052 -0.016542325 -0.248586729 -0.379092813
1403637168688318976.000000 -1.345044136 4.269526958 -4.945268154 0.890308082 -0.014827932 -0.251912445 -0.379040539
1403637168738319104.000000 -1.346800804 4.317504883 -4.889118195 0.889660299 -0.012237397 -0.254492253 -0.378930956
1403637168788318976.000000 -1.346952319 4.365377426 -4.832770824 0.888958216 -0.012959538 -0.257338375 -0.378632337
1403637168838319104.000000 -1.344976187 4.413599968 -4.778186798 0.889190316 -0.009252258 -0.257908851 -0.377806872
1403637168888318976.000000 -1.342483759 4.462317467 -4.723881721 0.889233589 -0.006466624 -0.258179069 -0.377578408
1403637168938319104.000000 -1.339794636 4.509783268 -4.667717934 0.889683545 -0.002272435 -0.258078188 -0.376634806
1403637168988318976.000000 -1.338757634 4.559419632 -4.612887383 0.890085995 -0.000159332 -0.257981300 -0.375756055
1403637169038319104.000000 -1.338336229 4.610147476 -4.557791710 0.890822172 0.003626809 -0.256528437 -0.374987811
1403637169088318976.000000 -1.336328149 4.662797928 -4.499942780 0.891377032 0.008779532 -0.254430562 -0.375013262
1403637169138319104.000000 -1.333967209 4.716106892 -4.444400787 0.891269803 0.010437875 -0.252009481 -0.376855910
1403637169188318976.000000 -1.329168200 4.770715714 -4.388065338 0.890548766 0.011915158 -0.248511955 -0.380818665
1403637169238319104.000000 -1.322314143 4.825050831 -4.328810692 0.888866305 0.012153536 -0.245031163 -0.386948109
1403637169288318976.000000 -1.312016964 4.882207870 -4.271839619 0.886290371 0.010976738 -0.241238371 -0.395187289
1403637169338319104.000000 -1.298980474 4.938894749 -4.213037014 0.882876337 0.008794855 -0.237809047 -0.404844463
1403637169388318976.000000 -1.283390045 4.996955872 -4.154139042 0.878845215 0.007684655 -0.234055564 -0.415680319
1403637169438319104.000000 -1.266307831 5.054574490 -4.092687607 0.873900115 0.007533745 -0.230348423 -0.427997112
1403637169488318976.000000 -1.246797562 5.113381386 -4.031633854 0.868609607 0.006656131 -0.225809023 -0.441002667
1403637169538319104.000000 -1.225477695 5.171545982 -3.966904640 0.862961352 0.008364975 -0.219522744 -0.455013722
1403637169588318976.000000 -1.202289939 5.230152130 -3.903473377 0.856484652 0.008413580 -0.213153332 -0.470030814
1403637169638319104.000000 -1.177284956 5.288352013 -3.837900162 0.849944234 0.011922536 -0.204237193 -0.485530615
1403637169688318976.000000 -1.151257157 5.346564293 -3.772002220 0.842252135 0.011556517 -0.198059753 -0.501248658
1403637169738319104.000000 -1.125827193 5.404196739 -3.702341080 0.833763897 0.011887014 -0.193474546 -0.516976058
1403637169788318976.000000 -1.101353407 5.461324215 -3.632011890 0.825214207 0.012263329 -0.189682662 -0.531875551
1403637169838319104.000000 -1.077488422 5.516532421 -3.559152603 0.816816270 0.012387587 -0.185581312 -0.546092749
1403637169888318976.000000 -1.055847645 5.571966171 -3.484783173 0.809393048 0.016100934 -0.179795817 -0.558835566
1403637169938319104.000000 -1.034756660 5.626778126 -3.407845020 0.801932871 0.017436981 -0.174257159 -0.571169138
1403637169988318976.000000 -1.015605211 5.681101799 -3.328855991 0.795003712 0.019765234 -0.167965069 -0.582551539
1403637170038319104.000000 -0.997464359 5.734736919 -3.246596336 0.787676454 0.021497607 -0.163755596 -0.593538404
1403637170088318976.000000 -0.980682731 5.787283897 -3.161951065 0.779958785 0.023038333 -0.160476044 -0.604467511
1403637170138319104.000000 -0.963168383 5.839558601 -3.075318813 0.772341967 0.023139566 -0.156168863 -0.615275383
1403637170188318976.000000 -0.947721839 5.890694618 -2.985238552 0.764583051 0.022515943 -0.151594311 -0.626039207
1403637170238319104.000000 -0.932328522 5.939564705 -2.892651558 0.756792963 0.023128087 -0.146891683 -0.636515796
1403637170288318976.000000 -0.918190122 5.988186836 -2.797179222 0.748953938 0.024255926 -0.141406536 -0.646903396
1403637170338319104.000000 -0.903853595 6.034912586 -2.699757576 -0.740156114 -0.021668956 0.137063354 0.657961249
1403637170388318976.000000 -0.890463114 6.081178665 -2.598786354 -0.729614496 -0.014775846 0.135800317 0.670076609
1403637170438319104.000000 -0.875905931 6.127530098 -2.495966911 -0.718401074 -0.004716065 0.134242669 0.682536960
1403637170488318976.000000 -0.862995505 6.170256615 -2.390831709 -0.706259966 0.006959117 0.132973969 0.695317507
1403637170538319104.000000 -0.849906445 6.213119507 -2.285990000 -0.694115222 0.018334765 0.129555330 0.707872391
1403637170588318976.000000 -0.838640094 6.249778271 -2.179072142 -0.682172894 0.029631592 0.124889269 0.719836712
1403637170638319104.000000 -0.828331649 6.284708500 -2.072260380 -0.669686198 0.038662553 0.120265268 0.731820941
1403637170688318976.000000 -0.820096254 6.314788818 -1.965245247 -0.657528698 0.046609558 0.113849655 0.743318200
1403637170738319104.000000 -0.809708059 6.344306946 -1.861699581 -0.645053864 0.051414918 0.108010188 0.754715800
1403637170788318976.000000 -0.802904427 6.365695953 -1.756106615 -0.630905747 0.054783843 0.105085351 0.766755402
1403637170838319104.000000 -0.796197653 6.382740974 -1.651798725 0.616992772 -0.051715661 -0.104435258 -0.778292239
1403637170888318976.000000 -0.786632299 6.396787167 -1.550080776 -0.601966977 0.049331535 0.102328546 0.790399373
1403637170938319104.000000 -0.777261674 6.404816628 -1.449769020 -0.586800754 0.044774998 0.100605838 0.802208543
1403637170988318976.000000 -0.767451286 6.413110733 -1.350196362 -0.571502507 0.040040739 0.099564254 0.813553154
1403637171038319104.000000 -0.754867196 6.413402557 -1.254317522 -0.556043804 0.037608545 0.098473698 0.824441612
1403637171088318976.000000 -0.741976738 6.413268089 -1.159287691 -0.540169179 0.035683174 0.099409781 0.834902287
1403637171138319104.000000 -0.727594316 6.407507896 -1.067870021 -0.526616812 0.031433582 0.098340325 0.843810380
1403637171188318976.000000 -0.711982071 6.401096821 -0.978837729 -0.514883280 0.029705167 0.096742958 0.851265967
1403637171238319104.000000 -0.694164455 6.390386105 -0.893022418 -0.504513323 0.031236177 0.095876008 0.857495487
1403637171288318976.000000 -0.674936295 6.378760338 -0.809943795 -0.496423393 0.032700285 0.092471123 0.862521708
1403637171338319104.000000 -0.653537273 6.363927364 -0.730018020 -0.490490913 0.033285119 0.087938294 0.866358876
1403637171388318976.000000 -0.632070005 6.350878716 -0.650851011 -0.486762553 0.031661216 0.081297092 0.869166672
1403637171438319104.000000 -0.608159602 6.330445290 -0.576991081 -0.484853238 0.029462714 0.073814772 0.870976925
1403637171488318976.000000 -0.583865166 6.306854248 -0.505892396 0.482925475 -0.027018582 -0.069760494 -0.872460067
1403637171538319104.000000 -0.561064303 6.281609058 -0.434222817 -0.481703371 0.024761537 0.066689774 0.873442173
1403637171588318976.000000 -0.536860943 6.252223015 -0.365655541 -0.481232405 0.022790760 0.064515591 0.873918593
1403637171638319104.000000 -0.514772534 6.219621658 -0.297727346 0.482037544 -0.020825515 -0.060689416 -0.873798013
1403637171688318976.000000 -0.496576548 6.188322544 -0.225895643 -0.483281612 0.019939119 0.058614511 0.873273015
1403637171738319104.000000 -0.477900535 6.150003433 -0.159083366 -0.484983206 0.019764526 0.056821559 0.872451723
1403637171788318976.000000 -0.461296767 6.108852863 -0.092152357 0.487264693 -0.019597361 -0.054837488 -0.871310532
1403637171838319104.000000 -0.445126772 6.066491127 -0.025577307 -0.489951789 0.019527793 0.052415997 0.869953156
1403637171888318976.000000 -0.432807624 6.018885136 0.040411472 -0.492350280 0.020159198 0.051078882 0.868663251
1403637171938319104.000000 -0.423434734 5.968426228 0.106134415 0.494475514 -0.020610971 -0.050979488 -0.867450476
1403637171988318976.000000 -0.411596686 5.915680885 0.171783686 -0.496760428 0.021814976 0.050113980 0.866165042
1403637172038319104.000000 -0.405406564 5.857899666 0.236836195 -0.498950988 0.022355461 0.049768683 0.864911079
1403637172088318976.000000 -0.400506645 5.797261715 0.301982164 0.500959873 -0.023475738 -0.049472716 -0.863736451
1403637172138319104.000000 -0.398089200 5.742773056 0.371049881 -0.501656532 0.025080739 0.053306546 0.863058627
1403637172188318976.000000 -0.395882577 5.675879002 0.435994148 -0.500656903 0.026636560 0.061483636 0.863048673
1403637172238319104.000000 -0.389733702 5.608702660 0.499977112 -0.498194665 0.025119411 0.074588642 0.863485813
1403637172288318976.000000 -0.385937244 5.536252499 0.562847614 -0.495233893 0.024141572 0.088722907 0.863880157
1403637172338319104.000000 -0.377937257 5.463225365 0.622531176 -0.492883444 0.023284264 0.101179056 0.863878787
1403637172388318976.000000 -0.369649440 5.387796402 0.680711508 -0.490724891 0.023568416 0.112420686 0.863710225
1403637172438319104.000000 -0.357519597 5.314387321 0.735612631 -0.489172816 0.023932327 0.121806622 0.863307834
1403637172488318976.000000 -0.347270966 5.236718178 0.787617445 -0.487504780 0.024838405 0.131519049 0.862800598
1403637172538319104.000000 -0.326603532 5.170485020 0.837383509 -0.486890554 0.026576547 0.137373239 0.862183273
1403637172588318976.000000 -0.313900858 5.091766834 0.881928444 -0.486755401 0.027487369 0.141955137 0.861488521
1403637172638319104.000000 -0.297200203 5.016650200 0.923786640 -0.486786634 0.028438438 0.145727351 0.860809922
1403637172688318976.000000 -0.282602459 4.939231873 0.961547852 -0.486449540 0.028248079 0.150186926 0.860239983
1403637172738319104.000000 -0.266133964 4.864140034 0.996025324 0.486984432 -0.027239673 -0.153560176 -0.859373927
1403637172788318976.000000 -0.246813178 4.793446064 1.029127359 -0.488527447 0.024090188 0.158705682 0.857655644
1403637172838319104.000000 -0.231081903 4.719221115 1.056430340 -0.490630895 0.017894374 0.166289002 0.855166137
1403637172888318976.000000 -0.215703130 4.649234772 1.082027197 -0.493722111 0.007978366 0.175264031 0.851737916
1403637172938319104.000000 -0.203663349 4.579757214 1.105020761 -0.497112185 -0.003077155 0.184601411 0.847816229
1403637172988318976.000000 -0.197475076 4.511857510 1.128311634 -0.500178635 -0.012697734 0.193483695 0.843933821
1403637173038319104.000000 -0.192869067 4.448663712 1.150234938 -0.502660990 -0.021105241 0.202088743 0.840265870
1403637173088318976.000000 -0.191036344 4.390806675 1.172409773 0.506736636 0.026335813 -0.208140910 -0.836182892
1403637173138319104.000000 -0.190158129 4.337752342 1.196417809 -0.511990190 -0.029944628 0.215754956 0.830914676
1403637173188318976.000000 -0.194148302 4.288393021 1.216963291 -0.518538475 -0.030337416 0.222367823 0.825075746
1403637173238319104.000000 -0.199870527 4.244688034 1.236375570 0.527497947 0.028490892 -0.225861177 -0.818486989
1403637173288318976.000000 -0.212004423 4.197063446 1.253749371 -0.537890553 -0.023216605 0.227896512 0.811294079
1403637173338319104.000000 -0.217681944 4.163187981 1.269328594 -0.549435258 -0.017715139 0.227842316 0.803675890
1403637173388318976.000000 -0.223891675 4.133427620 1.282644987 0.560385406 0.011594608 -0.228613392 -0.795970976
1403637173438319104.000000 -0.235735774 4.100874901 1.293349028 -0.571121752 -0.006028122 0.229499251 0.788107693
1403637173488318976.000000 -0.244289994 4.078019619 1.302314043 -0.581847012 -0.001542836 0.231212616 0.779738724
1403637173538319104.000000 -0.253985703 4.057731628 1.309349775 0.591585994 -0.003301805 -0.233317420 -0.771737039
1403637173588318976.000000 -0.265156984 4.040646076 1.314447641 0.600379944 -0.008031149 -0.237996563 -0.763437688
1403637173638319104.000000 -0.281559825 4.012921333 1.318444967 -0.607821584 0.013454482 0.245330021 0.755106091
1403637173688318976.000000 -0.298078775 4.000543594 1.319274902 -0.614470124 0.017794270 0.253410965 0.746922195
1403637173738319104.000000 -0.315362096 3.991160870 1.318103790 0.620640874 -0.021150442 -0.261959016 -0.738738894
1403637173788318976.000000 -0.338122606 3.977104902 1.312647581 0.626438320 -0.022074634 -0.270711631 -0.730618298
1403637173838319104.000000 -0.360081911 3.974350691 1.305037737 0.631314158 -0.021217348 -0.281337023 -0.722386181
1403637173888318976.000000 -0.382947683 3.974593878 1.292993069 0.636076510 -0.017431853 -0.290268391 -0.714735687
1403637173938319104.000000 -0.406134486 3.968723059 1.274557114 0.641747177 -0.008855566 -0.293422818 -0.708509147
1403637173988318976.000000 -0.424323440 3.976960421 1.251974344 0.649363756 -0.001198915 -0.288769156 -0.703518152
1403637174038319104.000000 -0.439345956 3.984672546 1.223797321 0.659017563 0.005945117 -0.275042921 -0.700008512
1403637174088318976.000000 -0.449038982 4.000526428 1.191854477 0.668408155 0.005878280 -0.258924693 -0.697247505
1403637174138319104.000000 -0.454520822 4.018021584 1.157157183 0.677460968 0.001745328 -0.239914417 -0.695330679
1403637174188318976.000000 -0.456984520 4.038177490 1.120591402 0.684306562 -0.006765920 -0.223982662 -0.693909645
1403637174238319104.000000 -0.457417548 4.051184654 1.080605268 0.689109147 -0.016341304 -0.210999697 -0.693066180
1403637174288318976.000000 -0.457018793 4.071981907 1.041586876 0.691805303 -0.026272468 -0.203293845 -0.692377687
1403637174338319104.000000 -0.457195103 4.090085030 1.001662254 0.692051232 -0.031485993 -0.201767564 -0.692360938
1403637174388318976.000000 -0.456164956 4.107502937 0.960877419 0.691263676 -0.037455376 -0.202870369 -0.692528129
1403637174438319104.000000 -0.454433143 4.124022484 0.918768883 0.689526260 -0.045276206 -0.207472101 -0.692429721
1403637174488318976.000000 -0.451844037 4.139381886 0.874835491 0.688012540 -0.055982560 -0.213282615 -0.691386521
1403637174538319104.000000 -0.445797026 4.152349949 0.829245567 0.689058840 -0.061021924 -0.216234282 -0.688997149
1403637174588318976.000000 -0.442224503 4.163597584 0.779194832 0.691525936 -0.064566329 -0.219479695 -0.685165584
1403637174638319104.000000 -0.436408103 4.171875000 0.725143433 0.697466016 -0.062854499 -0.217879236 -0.679793477
1403637174688318976.000000 -0.434755385 4.180625916 0.669233799 0.706192732 -0.061759759 -0.213333860 -0.672284365
1403637174738319104.000000 -0.433259666 4.189183712 0.612085819 0.716164172 -0.059817512 -0.208755836 -0.663288593
1403637174788318976.000000 -0.435486913 4.195087433 0.553685188 0.726873338 -0.057775076 -0.203729212 -0.653308213
1403637174838319104.000000 -0.440716565 4.199644566 0.495592117 0.736323714 -0.054448433 -0.204772830 -0.642596960
1403637174888318976.000000 -0.444012642 4.202230453 0.437653065 0.744007945 -0.051671170 -0.212019101 -0.631530046
1403637174938319104.000000 -0.453522682 4.203417301 0.379421234 0.751503587 -0.049677644 -0.220061243 -0.619957745
1403637174988318976.000000 -0.463391602 4.203027725 0.320693493 0.759209931 -0.047559787 -0.225980923 -0.608498991
1403637175038319104.000000 -0.472046018 4.203983784 0.261086464 0.765954256 -0.047252681 -0.230474547 -0.598299861
1403637175088318976.000000 -0.483767390 4.202296257 0.201847076 0.772795022 -0.049029205 -0.230730742 -0.589192212
1403637175138319104.000000 -0.492231250 4.201121330 0.143134117 0.779005826 -0.053426947 -0.229203850 -0.581172287
1403637175188318976.000000 -0.506043971 4.197787285 0.083312035 0.784308255 -0.060222257 -0.226734936 -0.574304104
1403637175238319104.000000 -0.518050492 4.193789482 0.023215771 0.789329588 -0.067827441 -0.222875074 -0.568053722
1403637175288318976.000000 -0.533597350 4.187035561 -0.037242889 0.794041932 -0.074500799 -0.217359856 -0.562762558
1403637175338319104.000000 -0.550222397 4.177975178 -0.098291397 0.798495114 -0.078426003 -0.211578414 -0.558112562
1403637175388318976.000000 -0.566431880 4.167769432 -0.158351898 0.801671922 -0.081773743 -0.207345635 -0.554655790
1403637175438319104.000000 -0.586362720 4.153317451 -0.218452454 0.802461326 -0.084316917 -0.208370432 -0.552746177
1403637175488318976.000000 -0.607619166 4.136530876 -0.278650761 0.802030444 -0.085260369 -0.213290632 -0.551348388
1403637175538319104.000000 -0.630662560 4.116221905 -0.338571072 0.800281107 -0.085659355 -0.220533252 -0.550979018
1403637175588318976.000000 -0.650650442 4.093616962 -0.396985054 0.798037469 -0.084459946 -0.228220820 -0.551287651
1403637175638319104.000000 -0.675440550 4.068221569 -0.458374977 0.795657516 -0.080607645 -0.236441597 -0.551839650
1403637175688318976.000000 -0.698856592 4.040689945 -0.521440983 0.793803334 -0.077746861 -0.242201433 -0.552422166
1403637175738319104.000000 -0.720638633 4.010714531 -0.586754322 0.792036355 -0.076323494 -0.246467009 -0.553269506
1403637175788318976.000000 -0.740354836 3.978495836 -0.651564598 0.791546047 -0.072568014 -0.247604057 -0.553968430
1403637175838319104.000000 -0.758119524 3.944376230 -0.721975803 0.792042255 -0.068361133 -0.245658621 -0.554660082
1403637175888318976.000000 -0.773851454 3.908633232 -0.794853687 0.793549836 -0.061999571 -0.241626471 -0.555023849
1403637175938319104.000000 -0.787842214 3.871543407 -0.869506359 0.795419574 -0.056810230 -0.235276312 -0.555630624
1403637175988318976.000000 -0.796260774 3.830617666 -0.943020344 0.797029138 -0.055141866 -0.228973746 -0.556125045
1403637176038319104.000000 -0.805904090 3.790185213 -1.019782543 0.797761321 -0.058129195 -0.223550916 -0.556976557
1403637176088318976.000000 -0.814009547 3.747963428 -1.096829891 0.798426032 -0.060889166 -0.217632443 -0.558072150
1403637176138319104.000000 -0.822583556 3.704364538 -1.174264431 0.799371362 -0.061187241 -0.211391583 -0.559084237
1403637176188318976.000000 -0.835063398 3.656249046 -1.244385004 0.799798489 -0.062922440 -0.206413925 -0.560139596
1403637176238319104.000000 -0.846715331 3.608926296 -1.320420027 0.800660491 -0.063297398 -0.202386111 -0.560335696
1403637176288318976.000000 -0.860811234 3.559765339 -1.395340681 0.801821947 -0.063781366 -0.200656891 -0.559240997
1403637176338319104.000000 -0.877285719 3.507983685 -1.466553926 0.802715242 -0.064810760 -0.200603396 -0.557858527
1403637176388318976.000000 -0.894237995 3.454400539 -1.539908409 0.803722620 -0.063184015 -0.200360969 -0.556680620
1403637176438319104.000000 -0.912823498 3.398566246 -1.611857891 0.804219246 -0.061591681 -0.202937856 -0.555206478
1403637176488318976.000000 -0.932308197 3.340880156 -1.683465958 0.806018531 -0.056206856 -0.205153272 -0.552346945
1403637176538319104.000000 -0.952435374 3.281401396 -1.754149437 0.808037639 -0.053020298 -0.208487496 -0.548449636
1403637176588318976.000000 -0.972110152 3.216596603 -1.819549561 0.810136318 -0.052236799 -0.213502765 -0.543476939
1403637176638319104.000000 -0.994367242 3.155094385 -1.888953924 0.812156498 -0.050825860 -0.219269738 -0.538274467
1403637176688318976.000000 -1.018306136 3.093140125 -1.956507206 0.814170718 -0.049025040 -0.224531978 -0.533205450
1403637176738319104.000000 -1.043128490 3.030416012 -2.023898125 0.815546632 -0.047762480 -0.230333224 -0.528724074
1403637176788318976.000000 -1.068506718 2.966980457 -2.090632200 0.817044437 -0.046187781 -0.234342158 -0.524775147
1403637176838319104.000000 -1.092931032 2.900156498 -2.154980898 0.818397164 -0.044332918 -0.238214880 -0.521070421
1403637176888318976.000000 -1.120471716 2.836275101 -2.220909119 0.818668604 -0.041362155 -0.243922412 -0.518240154
1403637176938319104.000000 -1.149144053 2.772105694 -2.286366940 0.819006562 -0.037784692 -0.248533487 -0.515782535
1403637176988318976.000000 -1.178762913 2.708328724 -2.351519108 0.818739891 -0.032843042 -0.253772706 -0.513989985
1403637177038319104.000000 -1.209778547 2.645298004 -2.416430473 0.817350566 -0.028516725 -0.261733770 -0.512465000
1403637177088318976.000000 -1.242299914 2.583248615 -2.481448889 0.815161049 -0.020832589 -0.271352202 -0.511318445
1403637177138319104.000000 -1.265352607 2.517712116 -2.548399687 0.812316954 -0.015174379 -0.282118648 -0.510215700
1403637177188318976.000000 -1.299990296 2.458746195 -2.614025354 0.810052037 -0.010203938 -0.290702343 -0.509120643
1403637177238319104.000000 -1.335142255 2.401836634 -2.680315971 0.808153272 -0.005748027 -0.297512949 -0.508272946
1403637177288318976.000000 -1.371428490 2.347790003 -2.747740269 0.806964636 -0.003542997 -0.301705956 -0.507709622
1403637177338319104.000000 -1.409096479 2.296812773 -2.816275597 0.805785835 -0.000800020 -0.305453002 -0.507353008
1403637177388318976.000000 -1.447454691 2.248872519 -2.886229992 0.805592239 0.002172284 -0.306645483 -0.506936967
1403637177438319104.000000 -1.481559992 2.204504013 -2.960764408 0.806302905 0.008470640 -0.305555046 -0.506399155
1403637177488318976.000000 -1.521914721 2.162918806 -3.033518076 0.807816327 0.016067272 -0.303663701 -0.504938722
1403637177538319104.000000 -1.561402559 2.124727726 -3.107804775 0.810110450 0.021619249 -0.300834656 -0.502744675
1403637177588318976.000000 -1.599863172 2.090357304 -3.183388233 0.813124239 0.029892432 -0.295610934 -0.500549376
1403637177638319104.000000 -1.636217594 2.059795618 -3.259868622 0.816355705 0.036041427 -0.288601220 -0.498972833
1403637177688318976.000000 -1.669113755 2.033876181 -3.337106228 0.819714904 0.040225856 -0.281088531 -0.497432142
1403637177738319104.000000 -1.696624517 2.017837048 -3.418012381 0.822966158 0.044485796 -0.273365021 -0.496003360
1403637177788318976.000000 -1.724280834 2.000637770 -3.495287180 0.826466799 0.043104827 -0.267319202 -0.493594080
1403637177838319104.000000 -1.751492500 1.986561537 -3.571631908 0.828716457 0.038984630 -0.268000424 -0.489780664
1403637177888318976.000000 -1.778984189 1.975286961 -3.646655083 0.831811368 0.035228349 -0.269068718 -0.484201312
1403637177938319104.000000 -1.807371259 1.966573715 -3.720678091 0.835802257 0.032789469 -0.270124763 -0.476856500
1403637177988318976.000000 -1.833615899 1.968447447 -3.796551704 0.840464711 0.034841694 -0.270715177 -0.468100935
1403637178038319104.000000 -1.863395333 1.964326382 -3.868009329 0.846723735 0.040679537 -0.267451763 -0.458119720
1403637178088318976.000000 -1.893633842 1.962192535 -3.937755108 0.853616238 0.049337637 -0.262171656 -0.447405010
1403637178138319104.000000 -1.924625754 1.963227510 -4.004655838 0.859288454 0.054106571 -0.260226369 -0.437010556
1403637178188318976.000000 -1.954113126 1.967680693 -4.069270611 0.864161611 0.058888499 -0.259016246 -0.427396178
1403637178238319104.000000 -1.975229025 1.990085602 -4.137279034 0.869067907 0.062696330 -0.254842490 -0.419339508
1403637178288318976.000000 -1.998441339 2.002099037 -4.197118759 0.873640716 0.065712616 -0.249059141 -0.412799567
1403637178338319104.000000 -2.018392801 2.019442081 -4.254452705 0.878240585 0.068720862 -0.241463676 -0.407021224
1403637178388318976.000000 -2.036359787 2.041133404 -4.309329033 0.881481111 0.073900647 -0.236308634 -0.402104497
1403637178438319104.000000 -2.050420046 2.066510916 -4.360446453 0.884399235 0.076282479 -0.231166601 -0.398222268
1403637178488318976.000000 -2.057258368 2.111341238 -4.416021824 0.885930896 0.077867478 -0.230244264 -0.395032555
1403637178538319104.000000 -2.065068483 2.144541025 -4.459059715 0.887073874 0.075978488 -0.230079964 -0.392925590
1403637178588318976.000000 -2.070683241 2.184112072 -4.498600006 0.887829006 0.074186228 -0.230545208 -0.391286314
1403637178638319104.000000 -2.075679779 2.226178408 -4.533403397 0.888167441 0.065606914 -0.232104719 -0.391128778
1403637178688318976.000000 -2.080350161 2.271724939 -4.564362526 0.888313234 0.054880619 -0.233026728 -0.391900897
1403637178738319104.000000 -2.084474087 2.319757223 -4.591952324 0.889083683 0.042313021 -0.231709942 -0.392492414
1403637178788318976.000000 -2.088427305 2.370464325 -4.616789818 0.889700830 0.030127503 -0.229578763 -0.393469632
1403637178838319104.000000 -2.092502117 2.422824860 -4.639053345 0.890329540 0.019701991 -0.227135092 -0.394125432
1403637178888318976.000000 -2.096974373 2.476981640 -4.658903599 0.889985502 0.007869632 -0.227533057 -0.395085663
1403637178938319104.000000 -2.101157665 2.548293591 -4.692579746 0.889258564 -0.001431779 -0.228609174 -0.396175563
1403637178988318976.000000 -2.106707573 2.602589369 -4.707304955 0.889181793 -0.008414205 -0.227468371 -0.396917045
1403637179038319104.000000 -2.111727953 2.658388853 -4.720054626 0.888977170 -0.014557347 -0.226339847 -0.397841692
1403637179088318976.000000 -2.118183374 2.712146997 -4.729726791 0.888265312 -0.016139403 -0.227890149 -0.398485184
1403637179138319104.000000 -2.126077652 2.765401840 -4.737031460 0.886848032 -0.014899106 -0.232313469 -0.399135321
1403637179188318976.000000 -2.133729219 2.818494797 -4.742791176 0.885783195 -0.014429617 -0.235075399 -0.399899513
1403637179238319104.000000 -2.139873266 2.870803595 -4.746889114 0.884572089 -0.010481600 -0.238205984 -0.400849551
1403637179288318976.000000 -2.141606808 2.922633410 -4.750649929 0.883777916 -0.007410969 -0.239879355 -0.401671052
1403637179338319104.000000 -2.142422438 2.980134010 -4.762594223 0.883514285 -0.004119285 -0.239982218 -0.402236491
1403637179388318976.000000 -2.133520126 3.030323505 -4.765250206 0.882958770 -0.001629354 -0.240926474 -0.402909070
1403637179438319104.000000 -2.119418383 3.080197573 -4.767869473 0.882570267 -0.000037965 -0.241231710 -0.403580248
1403637179488318976.000000 -2.103771210 3.130280256 -4.768952847 0.882113457 -0.000282152 -0.242276713 -0.403952837
1403637179538319104.000000 -2.088943720 3.180819511 -4.768621445 0.881939352 -0.000739466 -0.242261872 -0.404341012
1403637179588318976.000000 -2.072895527 3.235738754 -4.771144867 0.882379293 -0.000811422 -0.241045848 -0.404107869
1403637179638319104.000000 -2.061921120 3.286712646 -4.767064095 0.882409334 -0.001840837 -0.240939781 -0.404101908
1403637179688318976.000000 -2.055918217 3.338391066 -4.760996342 0.883185148 -0.001458613 -0.239121914 -0.403488070
1403637179738319104.000000 -2.055418491 3.390542984 -4.752074718 0.884190381 0.000959410 -0.237071529 -0.402496696
1403637179788318976.000000 -2.061730385 3.443141937 -4.740119934 0.885479569 0.006978296 -0.234410167 -0.401159793
1403637179838319104.000000 -2.069490433 3.502548933 -4.729010582 0.887481093 0.014974326 -0.229033619 -0.399620771
1403637179888318976.000000 -2.086448669 3.556774855 -4.711087704 0.889598012 0.022281988 -0.222700804 -0.398149848
1403637179938319104.000000 -2.105231047 3.612627268 -4.689773560 0.891313910 0.026993319 -0.217376754 -0.396961391
1403637179988318976.000000 -2.125481129 3.668960810 -4.664447784 0.891798913 0.028044684 -0.215628654 -0.396752387
1403637180038319104.000000 -2.137966633 3.723898411 -4.638449192 0.891073287 0.023785941 -0.218844891 -0.396900028
1403637180088318976.000000 -2.156842470 3.782346725 -4.606997490 0.889781952 0.018435234 -0.223034456 -0.397748619
1403637180138319104.000000 -2.172289133 3.842091084 -4.573424816 0.888250589 0.010833140 -0.227557287 -0.398887664
1403637180188318976.000000 -2.192745209 3.899676800 -4.542177677 0.886133313 0.002892804 -0.233230636 -0.400453418
1403637180238319104.000000 -2.203581810 3.958283901 -4.504385948 0.884716451 -0.002858822 -0.236772612 -0.401506424
1403637180288318976.000000 -2.211229801 4.017992020 -4.466482162 0.882970452 -0.007785025 -0.241148636 -0.402678460
1403637180338319104.000000 -2.215937614 4.077024937 -4.428070545 0.881884634 -0.011010366 -0.243650839 -0.403475761
1403637180388318976.000000 -2.216803551 4.132647038 -4.389698505 0.879311502 -0.012318199 -0.251342297 -0.404334873
1403637180438319104.000000 -2.218597174 4.191167831 -4.350722313 0.876704037 -0.010388475 -0.259807795 -0.404700041
1403637180488318976.000000 -2.217761993 4.248668671 -4.312550545 0.873558402 -0.007601279 -0.270182669 -0.404770792
1403637180538319104.000000 -2.214740753 4.307040215 -4.275317669 0.871437132 -0.005093363 -0.277265906 -0.404592395
1403637180588318976.000000 -2.208425522 4.366870880 -4.240463734 0.870816827 -0.001861964 -0.279959261 -0.404100865
1403637180638319104.000000 -2.189527035 4.417638779 -4.206734180 0.873053670 0.004503492 -0.273894608 -0.403409064
1403637180688318976.000000 -2.177409410 4.480187416 -4.175120354 0.876198113 0.006650936 -0.264773011 -0.402651101
1403637180738319104.000000 -2.163416862 4.544796467 -4.144162655 0.878247738 0.005349007 -0.259227604 -0.401812762
1403637180788318976.000000 -2.146807671 4.609601498 -4.113436222 0.880792797 0.005776396 -0.252672613 -0.400409013
1403637180838319104.000000 -2.130446911 4.667448997 -4.076436520 0.882754147 0.008048789 -0.248157293 -0.398871452
1403637180888318976.000000 -2.110108852 4.734070301 -4.045670986 0.885474324 0.014216231 -0.241663486 -0.396650881
1403637180938319104.000000 -2.088094711 4.800224304 -4.012261868 0.887212396 0.019071322 -0.238362730 -0.394555062
1403637180988318976.000000 -2.063934565 4.868238449 -3.978223324 0.889094889 0.024563095 -0.234669611 -0.392220855
1403637181038319104.000000 -2.036749363 4.919471741 -3.929812908 0.890724957 0.030850861 -0.231934488 -0.389697075
1403637181088318976.000000 -2.007522106 4.990143299 -3.892288208 0.891409755 0.030532600 -0.231995881 -0.388116419
1403637181138319104.000000 -1.976957560 5.056139469 -3.849036217 0.891492367 0.024692900 -0.234055519 -0.387104303
1403637181188318976.000000 -1.943404198 5.128213406 -3.806572437 0.890920758 0.015552725 -0.237789154 -0.386619627
1403637181238319104.000000 -1.907102227 5.196408272 -3.760915756 0.890814841 0.005491694 -0.239496619 -0.386083186
1403637181288318976.000000 -1.869078875 5.268496037 -3.715792179 0.890857279 -0.003863996 -0.240375713 -0.385458112
1403637181338319104.000000 -1.834292412 5.334428787 -3.668615341 0.891810656 -0.009738319 -0.238092661 -0.384565949
1403637181388318976.000000 -1.791542888 5.405304432 -3.622712612 0.893299103 -0.011778569 -0.234352797 -0.383349538
1403637181438319104.000000 -1.751660228 5.472374439 -3.574958324 0.894410491 -0.011654765 -0.231662005 -0.382396102
1403637181488318976.000000 -1.705232739 5.540966988 -3.526799679 0.894735992 -0.009334371 -0.232533529 -0.381167442
1403637181538319104.000000 -1.657201529 5.607058525 -3.476275921 0.894620478 -0.006940700 -0.235072449 -0.379930407
1403637181588318976.000000 -1.607086301 5.673267365 -3.424922943 0.894241929 -0.006301303 -0.238561332 -0.378655881
1403637181638319104.000000 -1.565151095 5.737605572 -3.373814583 0.893984258 -0.005002240 -0.241795510 -0.377229482
1403637181688318976.000000 -1.510850191 5.802254200 -3.319992542 0.893981278 -0.005452020 -0.243949547 -0.375841141
1403637181738319104.000000 -1.456914663 5.866269588 -3.264647007 0.893670142 -0.008531090 -0.246811166 -0.374653518
1403637181788318976.000000 -1.407758236 5.930148125 -3.209578037 0.893978775 -0.012834126 -0.247346193 -0.373439640
1403637181838319104.000000 -1.355181813 5.994030952 -3.153272629 0.894262731 -0.016852992 -0.247383058 -0.372574598
1403637181888318976.000000 -1.304784298 6.057423592 -3.095997334 0.894491613 -0.019476758 -0.247410506 -0.371878535
1403637181938319104.000000 -1.261043072 6.120664597 -3.040401459 0.894374311 -0.020916890 -0.248318300 -0.371477157
1403637181988318976.000000 -1.213098764 6.183122635 -2.981893063 0.894619584 -0.021923594 -0.247838691 -0.371148378
1403637182038319104.000000 -1.167175174 6.244861603 -2.922680855 0.895070314 -0.023037646 -0.246064559 -0.371174783
1403637182088318976.000000 -1.132245064 6.308563232 -2.867164612 0.896302462 -0.025196247 -0.241198599 -0.371255189
1403637182138319104.000000 -1.087098479 6.368712425 -2.806341171 0.896550179 -0.028494094 -0.238960639 -0.371865243
1403637182188318976.000000 -1.045255899 6.427856922 -2.746833801 0.896368325 -0.034689449 -0.236896321 -0.373095959
1403637182238319104.000000 -1.002724290 6.485226631 -2.684103012 0.896063030 -0.041155305 -0.234821707 -0.374481291
1403637182288318976.000000 -0.964054823 6.544194698 -2.628373146 0.895336866 -0.047859091 -0.233690515 -0.376125246
1403637182338319104.000000 -0.924083233 6.597862244 -2.564539909 0.894870818 -0.053723212 -0.231675178 -0.377686024
1403637182388318976.000000 -0.885325313 6.649096489 -2.502410889 0.894840777 -0.056802563 -0.229149014 -0.378845930
1403637182438319104.000000 -0.846560001 6.697866440 -2.437323570 0.894562483 -0.062461849 -0.226018637 -0.380489379
1403637182488318976.000000 -0.806982160 6.743121147 -2.372889519 0.896323204 -0.060504667 -0.218809500 -0.380875736
1403637182538319104.000000 -0.768120527 6.790966988 -2.315781593 0.897181213 -0.057931237 -0.214594498 -0.381653249
1403637182588318976.000000 -0.725378633 6.830300331 -2.249828339 0.898178518 -0.054304797 -0.210763663 -0.381975234
1403637182638319104.000000 -0.681540728 6.866613388 -2.183304787 0.898440838 -0.051683079 -0.209633842 -0.382343650
1403637182688318976.000000 -0.635522842 6.901570797 -2.118536949 0.897925019 -0.051610757 -0.210758209 -0.382946491
1403637182738319104.000000 -0.589301944 6.931633949 -2.048706055 0.897532225 -0.053720843 -0.210758433 -0.383576512
1403637182788318976.000000 -0.543840766 6.959096432 -1.977591515 0.896674871 -0.056738887 -0.213164568 -0.383817434
1403637182838319104.000000 -0.500010967 6.983847141 -1.904707909 0.895937443 -0.060733471 -0.215225741 -0.383777916
1403637182888318976.000000 -0.457947850 7.011522293 -1.837605476 0.895506322 -0.063889258 -0.216502875 -0.383553356
1403637182938319104.000000 -0.417812109 7.030594826 -1.762125015 0.895035803 -0.068637356 -0.217537433 -0.383245736
1403637182988318976.000000 -0.380829692 7.047090054 -1.686039925 0.894238889 -0.073927015 -0.219371587 -0.383076727
1403637183038319104.000000 -0.347947836 7.061003208 -1.607779503 0.893238783 -0.080008186 -0.221582949 -0.382915497
1403637183088318976.000000 -0.318986416 7.076818943 -1.531727791 0.892528832 -0.085366853 -0.222826034 -0.382692248
1403637183138319104.000000 -0.294733405 7.085326672 -1.451154709 0.891371548 -0.090485588 -0.225087926 -0.382889926
1403637183188318976.000000 -0.274955392 7.090708256 -1.369813919 0.890688419 -0.093396947 -0.226595029 -0.382891536
1403637183238319104.000000 -0.258496761 7.092341900 -1.287420273 0.889818966 -0.096168667 -0.228509277 -0.383089155
1403637183288318976.000000 -0.243820071 7.090211391 -1.205165863 0.889157832 -0.097986922 -0.230125010 -0.383196384
1403637183338319104.000000 -0.236085296 7.091652870 -1.127471924 0.888406217 -0.100603342 -0.232012197 -0.383123666
1403637183388318976.000000 -0.224472523 7.082442284 -1.045614243 0.887661815 -0.102730155 -0.233847767 -0.383168817
1403637183438319104.000000 -0.213666081 7.070638657 -0.965814590 0.887744308 -0.103366904 -0.233903274 -0.382772475
1403637183488318976.000000 -0.204128385 7.054479599 -0.885946274 0.887869835 -0.103869647 -0.233681276 -0.382480562
1403637183538319104.000000 -0.196338058 7.034620285 -0.806512833 0.887063920 -0.105827183 -0.235681415 -0.382586628
1403637183588318976.000000 -0.186044931 7.006823540 -0.721637726 0.886625767 -0.107606515 -0.236438617 -0.382638842
1403637183638319104.000000 -0.181112528 6.979187012 -0.643703461 0.886036158 -0.110231176 -0.237503663 -0.382597983
1403637183688318976.000000 -0.177253962 6.948140144 -0.566150665 0.885894239 -0.112181753 -0.237605810 -0.382296145
1403637183738319104.000000 -0.175342560 6.913037777 -0.489392281 0.884478688 -0.114754036 -0.241419196 -0.382421106
1403637183788318976.000000 -0.173861504 6.873405457 -0.413597107 0.882052779 -0.117854297 -0.247692138 -0.383069158
1403637183838319104.000000 -0.168804288 6.821069717 -0.332092285 0.879830003 -0.119911052 -0.253794819 -0.383547634
1403637183888318976.000000 -0.166243792 6.774580002 -0.263177872 0.877572060 -0.122691594 -0.259804100 -0.383817494
1403637183938319104.000000 -0.163563251 6.724683762 -0.197781563 0.875603974 -0.125471398 -0.265103877 -0.383789748
1403637183988318976.000000 -0.160246015 6.670025826 -0.135401249 0.873707652 -0.127374902 -0.270545751 -0.383686930
1403637184038319104.000000 -0.155109048 6.610709190 -0.076777935 0.872062743 -0.129424796 -0.275088906 -0.383512646
1403637184088318976.000000 -0.148533583 6.546617031 -0.022109985 0.871520042 -0.129777178 -0.277552068 -0.382852077
1403637184138319104.000000 -0.132878065 6.460680962 0.042422295 0.871773958 -0.127403378 -0.278647572 -0.382274956
1403637184188318976.000000 -0.123932123 6.387838364 0.088697433 0.872190714 -0.123673260 -0.279620945 -0.381838292
1403637184238319104.000000 -0.114356995 6.310268879 0.132230759 0.874300301 -0.116428830 -0.277250528 -0.381019056
1403637184288318976.000000 -0.108898640 6.231075287 0.173391342 0.876728058 -0.104905531 -0.274970978 -0.380438626
1403637184338319104.000000 -0.107543826 6.150642872 0.212892532 0.879102826 -0.092037551 -0.273041993 -0.379678011
1403637184388318976.000000 -0.115127087 6.060359955 0.263587475 0.880644619 -0.079786211 -0.272676826 -0.379139215
1403637184438319104.000000 -0.121149421 5.977948189 0.301539421 0.881320477 -0.069129974 -0.273738146 -0.378896743
1403637184488318976.000000 -0.129127502 5.893994331 0.340137959 0.880756676 -0.061052404 -0.277204663 -0.379075021
1403637184538319104.000000 -0.144589543 5.798501492 0.391743183 0.879872322 -0.054280818 -0.281118274 -0.379276782
1403637184588318976.000000 -0.155882716 5.714943409 0.427470684 0.878216803 -0.048218872 -0.286903471 -0.379600704
1403637184638319104.000000 -0.168341875 5.629996300 0.463978291 0.876776874 -0.043456513 -0.291526169 -0.379982203
1403637184688318976.000000 -0.186188936 5.542442322 0.504219532 0.875247478 -0.039948899 -0.296124011 -0.380337417
1403637184738319104.000000 -0.198803067 5.458941936 0.536165714 0.873327374 -0.037743423 -0.301392823 -0.380837411
1403637184788318976.000000 -0.211932063 5.375643253 0.566248417 0.872096419 -0.035049237 -0.304977655 -0.381061763
1403637184838319104.000000 -0.220679641 5.286360741 0.600573540 0.870875657 -0.032830521 -0.308279812 -0.381394118
1403637184888318976.000000 -0.228495717 5.205591679 0.623999596 0.870165288 -0.031799760 -0.310433775 -0.381355554
1403637184938319104.000000 -0.234635115 5.125936031 0.644421577 0.869924128 -0.028189735 -0.311147690 -0.381607890
1403637184988318976.000000 -0.243251204 5.046013355 0.666881084 0.868896246 -0.029383000 -0.313703358 -0.381767333
1403637185038319104.000000 -0.246139288 4.969989777 0.680175304 0.868535280 -0.025440678 -0.315021545 -0.381786257
1403637185088318976.000000 -0.248535991 4.895437717 0.691274166 0.868070662 -0.024949417 -0.316348195 -0.381778479
1403637185138319104.000000 -0.247919798 4.822599411 0.698167324 0.867640734 -0.025494196 -0.317973882 -0.381368876
1403637185188318976.000000 -0.255212665 4.747779846 0.711515427 0.867779136 -0.024615606 -0.317967087 -0.381117314
1403637185238319104.000000 -0.253319979 4.678041935 0.713456631 0.867269933 -0.022764729 -0.319691122 -0.380949289
1403637185288318976.000000 -0.249847412 4.610238552 0.710976124 0.866650522 -0.020482723 -0.321912616 -0.380617350
1403637185338319104.000000 -0.250077486 4.545601845 0.708307743 0.866073489 -0.016010940 -0.323932767 -0.380431414
1403637185388318976.000000 -0.243862748 4.481447697 0.700499058 0.865509629 -0.009850885 -0.326103806 -0.380068988
1403637185438319104.000000 -0.235424876 4.417933941 0.691457272 0.865087986 -0.005071259 -0.327946991 -0.379536539
1403637185488318976.000000 -0.225673199 4.357422829 0.679046631 0.865174532 -0.001146978 -0.328213930 -0.379140407
1403637185538319104.000000 -0.215031385 4.299214363 0.664179325 0.865938723 0.000462135 -0.326825947 -0.378595829
1403637185588318976.000000 -0.207771420 4.250047684 0.643605709 0.867655694 -0.001162759 -0.322947502 -0.377991110
1403637185638319104.000000 -0.194991469 4.197148323 0.623780727 0.870264053 -0.005087243 -0.316066712 -0.377778530
1403637185688318976.000000 -0.182815075 4.146707058 0.602624893 0.873716116 -0.009398349 -0.306938589 -0.377254099
1403637185738319104.000000 -0.171973467 4.098070621 0.579926014 0.876693845 -0.012765995 -0.298649013 -0.376900107
1403637185788318976.000000 -0.163218021 4.050944805 0.556652546 0.879397452 -0.013027112 -0.291245639 -0.376386166
1403637185838319104.000000 -0.156793833 4.005241394 0.533090591 0.881143689 -0.011480510 -0.286689520 -0.375849813
1403637185888318976.000000 -0.151846051 3.961168528 0.509232521 0.882798195 -0.011444068 -0.281736463 -0.375714034
1403637185938319104.000000 -0.148167491 3.919169664 0.484487772 0.883974314 -0.012078466 -0.278591633 -0.375273734
1403637185988318976.000000 -0.145213842 3.878955603 0.459258795 0.885080874 -0.014181643 -0.274854809 -0.375347376
1403637186038319104.000000 -0.142693758 3.841815472 0.431285381 0.886128545 -0.016728958 -0.271241128 -0.375399351
1403637186088318976.000000 -0.140510380 3.817768812 0.399973631 0.887100220 -0.017703507 -0.268433273 -0.375077963
1403637186138319104.000000 -0.137203455 3.780628681 0.375141144 0.887378395 -0.018838625 -0.267204583 -0.375241995
1403637186188318976.000000 -0.133849561 3.742123365 0.353329182 0.887605011 -0.019632230 -0.266287625 -0.375316978
1403637186238319104.000000 -0.128617167 3.705074310 0.329818726 0.887441933 -0.019109627 -0.266779423 -0.375380456
1403637186288318976.000000 -0.121293187 3.669849157 0.304489613 0.887421548 -0.018152291 -0.266661793 -0.375559628
1403637186338319104.000000 -0.110747218 3.635517836 0.278318405 0.888233483 -0.019351270 -0.263892174 -0.375536650
1403637186388318976.000000 -0.093554854 3.609446049 0.244142056 0.888498902 -0.021278830 -0.263251573 -0.375254035
1403637186438319104.000000 -0.079238892 3.575903177 0.218297005 0.888496518 -0.024564229 -0.262940735 -0.375276953
1403637186488318976.000000 -0.063740373 3.544113874 0.191423893 0.888280094 -0.028212631 -0.263449848 -0.375175655
1403637186538319104.000000 -0.047018170 3.511924982 0.165081024 0.888087511 -0.033266723 -0.263546348 -0.375149667
1403637186588318976.000000 -0.030286312 3.479653597 0.138766527 0.888197005 -0.035444017 -0.263373762 -0.374812156
1403637186638319104.000000 -0.014702976 3.447284222 0.113044262 0.888113141 -0.036840171 -0.263979107 -0.374450147
1403637186688318976.000000 0.008496463 3.417718172 0.087966442 0.887745440 -0.037918612 -0.266112357 -0.373703837
1403637186738319104.000000 0.020160496 3.385067225 0.063869953 0.886477292 -0.039847732 -0.270408928 -0.373428941
1403637186788318976.000000 0.029523432 3.351619005 0.041003704 0.884770751 -0.043531928 -0.275537491 -0.373315930
1403637186838319104.000000 0.036232293 3.318467140 0.018193960 0.882567763 -0.049621057 -0.281245619 -0.373514146
1403637186888318976.000000 0.040788829 3.284983873 -0.004728079 0.880506992 -0.056025773 -0.286250532 -0.373670042
1403637186938319104.000000 0.043224871 3.251108646 -0.028222799 0.878682017 -0.063773513 -0.290117174 -0.373741776
1403637186988318976.000000 0.043370247 3.216585159 -0.052646637 0.877186716 -0.069521174 -0.293211251 -0.373814762
1403637187038319104.000000 0.051878870 3.187345028 -0.081997395 0.876785338 -0.074546807 -0.293695241 -0.373407811
1403637187088318976.000000 0.048795342 3.151155949 -0.109539270 0.877225637 -0.077312544 -0.291720718 -0.373358965
1403637187138319104.000000 0.043861926 3.113982677 -0.138781786 0.878363669 -0.076770224 -0.288644940 -0.373185933
1403637187188318976.000000 0.036585689 3.075242043 -0.169038534 0.880053401 -0.073710300 -0.286026329 -0.371835738
1403637187238319104.000000 0.027082622 3.034945011 -0.200424194 0.881361663 -0.068706140 -0.286597431 -0.369246602
1403637187288318976.000000 0.015337348 2.993752480 -0.232813358 0.882110298 -0.060387131 -0.290457726 -0.365881354
1403637187338319104.000000 0.005751610 2.954316616 -0.265937090 0.882672727 -0.052324507 -0.294623971 -0.362419188
1403637187388318976.000000 -0.008111119 2.913079739 -0.300538778 0.883318961 -0.043116979 -0.297577292 -0.359633535
1403637187438319104.000000 -0.022436500 2.873099327 -0.337568521 0.883874655 -0.036002815 -0.300150722 -0.356902003
1403637187488318976.000000 -0.037425876 2.833646536 -0.375128984 0.884151161 -0.031623408 -0.302619010 -0.354539871
1403637187538319104.000000 -0.053272843 2.794941664 -0.413371801 0.884089172 -0.028284548 -0.305407733 -0.352579921
1403637187588318976.000000 -0.069957852 2.757431269 -0.452904463 0.884240806 -0.026635977 -0.307172865 -0.350790113
1403637187638319104.000000 -0.085351825 2.720590591 -0.489842176 0.884109974 -0.026669281 -0.309326142 -0.349221647
1403637187688318976.000000 -0.103681445 2.685538292 -0.531740665 0.884076178 -0.028039534 -0.310640603 -0.348030955
1403637187738319104.000000 -0.122877836 2.651312590 -0.574806452 0.883687794 -0.028519094 -0.312838465 -0.347008377
1403637187788318976.000000 -0.142844319 2.618339300 -0.619483709 0.883691907 -0.028572692 -0.313712925 -0.346202940
1403637187838319104.000000 -0.164114118 2.586591959 -0.665488005 0.882805705 -0.029047169 -0.316655219 -0.345745355
1403637187888318976.000000 -0.185955286 2.556210279 -0.713433743 0.882796586 -0.027205374 -0.317372978 -0.345260173
1403637187938319104.000000 -0.208423376 2.527406216 -0.763067007 0.883269727 -0.024089525 -0.316836804 -0.344773471
1403637187988318976.000000 -0.229026675 2.498276949 -0.810203552 0.884138048 -0.022749018 -0.314867228 -0.344443321
1403637188038319104.000000 -0.252938390 2.472648859 -0.862730742 0.885310411 -0.020289134 -0.312121809 -0.344084203
1403637188088318976.000000 -0.277335763 2.448386908 -0.916002035 0.886480153 -0.018173158 -0.309335262 -0.343707025
1403637188138319104.000000 -0.302638650 2.425758362 -0.970573187 0.887800217 -0.016846551 -0.305760801 -0.343565673
1403637188188318976.000000 -0.328484833 2.404695749 -1.026444674 0.890261829 -0.012481504 -0.299305767 -0.343065917
1403637188238319104.000000 -0.354702413 2.385276079 -1.082727194 0.893402874 -0.008058072 -0.290726095 -0.342410356
1403637188288318976.000000 -0.381827116 2.367648840 -1.138537407 0.895744085 -0.006359647 -0.283898562 -0.342057973
1403637188338319104.000000 -0.410314381 2.351775885 -1.193610668 0.897041500 -0.007075607 -0.280299306 -0.341612160
1403637188388318976.000000 -0.434653342 2.333949566 -1.249305964 0.898550093 -0.010484681 -0.275467604 -0.341490090
1403637188438319104.000000 -0.463924468 2.319951773 -1.302572966 0.899644732 -0.014220133 -0.271926105 -0.341311455
1403637188488318976.000000 -0.494153082 2.306603432 -1.354718685 0.900895715 -0.017274600 -0.268840253 -0.340313792
1403637188538319104.000000 -0.525240541 2.293663740 -1.406075716 0.902376652 -0.021845121 -0.266614139 -0.337870151
1403637188588318976.000000 -0.557430446 2.281363249 -1.456361771 0.903391659 -0.026979815 -0.267146319 -0.334347844
1403637188638319104.000000 -0.590246201 2.269220591 -1.505753517 0.905038536 -0.031808585 -0.267043054 -0.329517215
1403637188688318976.000000 -0.624081254 2.256883144 -1.553971291 0.906229317 -0.039799485 -0.269018412 -0.323718339
1403637188738319104.000000 -0.659006357 2.244409084 -1.601674318 0.907788157 -0.048091725 -0.270856857 -0.316614091
1403637188788318976.000000 -0.695141137 2.231297493 -1.648917913 0.908879876 -0.057226874 -0.274257213 -0.308942437
1403637188838319104.000000 -0.731937230 2.216851234 -1.695626259 0.910159588 -0.063583270 -0.277646452 -0.300797641
1403637188888318976.000000 -0.765675128 2.193265915 -1.748287439 0.911378980 -0.066998877 -0.280457556 -0.293671757
1403637188938319104.000000 -0.800546467 2.176258087 -1.795849323 0.912513196 -0.068494640 -0.283000708 -0.287295610
1403637188988318976.000000 -0.834217429 2.157365084 -1.843028307 0.913609743 -0.065264381 -0.285979390 -0.281555653
1403637189038319104.000000 -0.865504563 2.137013674 -1.891140938 0.914787591 -0.058228139 -0.288448393 -0.276714087
1403637189088318976.000000 -0.894398272 2.115588665 -1.939804316 0.915223479 -0.051902670 -0.292169958 -0.272596568
1403637189138319104.000000 -0.922926366 2.094122648 -1.988951683 0.914464593 -0.045351040 -0.298593491 -0.269332200
1403637189188318976.000000 -0.951305866 2.072819471 -2.038746119 0.913530767 -0.042342287 -0.304128051 -0.266786009
1403637189238319104.000000 -0.981928885 2.051999569 -2.089053631 0.912373722 -0.041343063 -0.309540063 -0.264669508
1403637189288318976.000000 -1.015048623 2.032010078 -2.139950037 0.911657929 -0.044040140 -0.312332004 -0.263418078
1403637189338319104.000000 -1.056754470 2.007058382 -2.196756601 0.911708176 -0.048871998 -0.311719567 -0.263117403
1403637189388318976.000000 -1.094814777 1.987793803 -2.248338938 0.913395345 -0.052530427 -0.306518316 -0.262671113
1403637189438319104.000000 -1.131706715 1.968253851 -2.301780939 0.915711403 -0.055199236 -0.299064606 -0.262652129
1403637189488318976.000000 -1.167611122 1.948716164 -2.356212854 0.917638838 -0.056340557 -0.292752177 -0.262794316
1403637189538319104.000000 -1.201717019 1.928446531 -2.411513090 0.919227540 -0.054493584 -0.287763178 -0.263141721
1403637189588318976.000000 -1.233944297 1.908003807 -2.468421698 0.920521319 -0.051450375 -0.283517897 -0.263838917
1403637189638319104.000000 -1.263464928 1.886724472 -2.526080847 0.921437502 -0.048013620 -0.280783594 -0.264212728
1403637189688318976.000000 -1.289869547 1.864454627 -2.583822489 0.922389269 -0.045233421 -0.277483493 -0.264867961
1403637189738319104.000000 -1.314804316 1.841585875 -2.641270876 0.921861827 -0.042906158 -0.278644562 -0.265870273
1403637189788318976.000000 -1.351964474 1.812008977 -2.696944475 0.921384454 -0.041751277 -0.279279351 -0.267040372
1403637189838319104.000000 -1.372731686 1.787645340 -2.753218651 0.920928240 -0.038451392 -0.280825943 -0.267487258
1403637189888318976.000000 -1.389874935 1.761869192 -2.810524225 0.921169698 -0.038104821 -0.279739052 -0.267844319
1403637189938319104.000000 -1.403978825 1.736254573 -2.867188215 0.921449602 -0.039191402 -0.278442234 -0.268075675
1403637189988318976.000000 -1.416542292 1.710068583 -2.923097610 0.922086418 -0.037630264 -0.276679337 -0.267934978
1403637190038319104.000000 -1.427252054 1.683130026 -2.978003502 0.922826767 -0.038058892 -0.274455816 -0.267612338
1403637190088318976.000000 -1.435309291 1.657797456 -3.034800768 0.923823535 -0.037181076 -0.271834999 -0.266970903
1403637190138319104.000000 -1.443474054 1.630950451 -3.089051247 0.924114943 -0.037782751 -0.271100074 -0.266624928
1403637190188318976.000000 -1.451437950 1.604281664 -3.142911196 0.924794376 -0.037477288 -0.269455165 -0.265978903
1403637190238319104.000000 -1.457854033 1.578173637 -3.197073936 0.924921036 -0.039436068 -0.268966347 -0.265749842
1403637190288318976.000000 -1.463022113 1.551186562 -3.250087500 0.925392568 -0.039673861 -0.268057793 -0.264990240
1403637190338319104.000000 -1.466786146 1.524058104 -3.302717447 0.925514340 -0.039932571 -0.268143505 -0.264438599
1403637190388318976.000000 -1.468787789 1.496822476 -3.354737520 0.925490618 -0.041139361 -0.268650234 -0.263821363
1403637190438319104.000000 -1.469426155 1.469529986 -3.406214237 0.925409555 -0.043257460 -0.268871158 -0.263541877
1403637190488318976.000000 -1.469003916 1.448658228 -3.461543083 0.925973713 -0.043914199 -0.267676264 -0.262666434
1403637190538319104.000000 -1.470493555 1.421121478 -3.511401892 0.926344395 -0.041936245 -0.267649740 -0.261708051
1403637190588318976.000000 -1.473465919 1.394155622 -3.560349226 0.926862359 -0.039269958 -0.266615063 -0.261343658
1403637190638319104.000000 -1.477898598 1.367205977 -3.607619286 0.927155793 -0.033934880 -0.265226573 -0.262460381
1403637190688318976.000000 -1.483411074 1.340777278 -3.653091192 0.926775992 -0.029419573 -0.263626128 -0.265936315
1403637190738319104.000000 -1.490172386 1.315239310 -3.696489096 0.925023794 -0.029417031 -0.263945699 -0.271658391
1403637190788318976.000000 -1.497501135 1.290251851 -3.738423824 0.923349440 -0.030655060 -0.263336837 -0.277740628
1403637190838319104.000000 -1.505933762 1.265712738 -3.778990507 0.921363115 -0.032942224 -0.263402402 -0.283943921
1403637190888318976.000000 -1.515143037 1.241309643 -3.818380594 0.919516981 -0.036194548 -0.263233393 -0.289631963
1403637190938319104.000000 -1.525556326 1.216894627 -3.856291056 0.917997479 -0.038934130 -0.262609303 -0.294620275
1403637190988318976.000000 -1.521114469 1.189548731 -3.894507885 0.916549206 -0.040623832 -0.262684435 -0.298804820
1403637191038319104.000000 -1.533463240 1.165048122 -3.929904699 0.915479183 -0.041650802 -0.261829525 -0.302668929
1403637191088318976.000000 -1.547117949 1.139863968 -3.964461565 0.914677441 -0.042995993 -0.260762006 -0.305810243
1403637191138319104.000000 -1.561907887 1.114568472 -3.998031616 0.914074957 -0.043550313 -0.259979486 -0.308190167
1403637191188318976.000000 -1.577482224 1.088947058 -4.030555725 0.913795948 -0.042925730 -0.258821994 -0.310073435
1403637191238319104.000000 -1.594050288 1.063000441 -4.062120438 0.913586080 -0.042482633 -0.258350015 -0.311144739
1403637191288318976.000000 -1.611713886 1.037103415 -4.092649460 0.913483858 -0.040972233 -0.257768840 -0.312127918
1403637191338319104.000000 -1.630128384 1.010999203 -4.122076988 0.913480043 -0.041080710 -0.256871969 -0.312863261
1403637191388318976.000000 -1.645853162 0.978863955 -4.146974087 0.914020836 -0.038555268 -0.255250722 -0.312932223
1403637191438319104.000000 -1.663179517 0.952170134 -4.174936295 0.914416194 -0.036713649 -0.254114807 -0.312923104
1403637191488318976.000000 -1.678019285 0.925105095 -4.202260017 0.914627612 -0.036638450 -0.253760844 -0.312601060
1403637191538319104.000000 -1.690959811 0.897289753 -4.228329182 0.915243387 -0.033413220 -0.252867967 -0.311882913
1403637191588318976.000000 -1.701035380 0.869559288 -4.254504204 0.915767789 -0.029448008 -0.252673775 -0.310899228
1403637191638319104.000000 -1.698273420 0.836939096 -4.276210308 0.915167093 -0.025261723 -0.256640434 -0.309785098
1403637191688318976.000000 -1.703996897 0.809323311 -4.300274849 0.914002180 -0.022005143 -0.262431145 -0.308618933
1403637191738319104.000000 -1.706458569 0.781350851 -4.323925972 0.912900507 -0.020126155 -0.267277926 -0.307847589
1403637191788318976.000000 -1.707183838 0.754552603 -4.347182751 0.911923468 -0.017148031 -0.271918207 -0.306858480
1403637191838319104.000000 -1.709160805 0.726237059 -4.366736412 0.912286103 -0.011191946 -0.272338927 -0.305680215
1403637191888318976.000000 -1.705480337 0.701767683 -4.390206814 0.912856162 -0.004452715 -0.271868587 -0.304567426
1403637191938319104.000000 -1.699967742 0.678219557 -4.412869453 0.913804233 0.002285184 -0.270168662 -0.303258240
1403637191988318976.000000 -1.691570401 0.656971931 -4.435438633 0.914351940 0.007823720 -0.269245356 -0.302334785
1403637192038319104.000000 -1.690976143 0.636787415 -4.452814579 0.913833261 0.009464609 -0.272034407 -0.301357895
1403637192088318976.000000 -1.679227829 0.619272232 -4.473428726 0.912319958 0.009444200 -0.277908295 -0.300583005
1403637192138319104.000000 -1.666195154 0.603258133 -4.492956161 0.910990119 0.010070286 -0.282830954 -0.300003856
1403637192188318976.000000 -1.650877953 0.589680672 -4.512832642 0.910031557 0.011677680 -0.286411434 -0.299457550
1403637192238319104.000000 -1.633572340 0.578824520 -4.533256054 0.909671545 0.014256213 -0.288023293 -0.298893154
1403637192288318976.000000 -1.614248037 0.570434093 -4.553780079 0.909995317 0.019600814 -0.287480265 -0.298126638
1403637192338319104.000000 -1.601472616 0.564853191 -4.572634220 0.910877407 0.024453895 -0.284754902 -0.297689497
1403637192388318976.000000 -1.581768274 0.562487125 -4.592504501 0.911857128 0.025876140 -0.281838745 -0.297344863
1403637192438319104.000000 -1.563773155 0.561985493 -4.610630989 0.911555529 0.023436906 -0.283240885 -0.297139406
1403637192488318976.000000 -1.547637463 0.564781189 -4.627610207 0.910109460 0.017235789 -0.288283795 -0.297146916
1403637192538319104.000000 -1.532635450 0.569856167 -4.643794060 0.908510745 0.010545835 -0.293468684 -0.297276169
1403637192588318976.000000 -1.519077301 0.577179909 -4.659384251 0.906673312 0.004032496 -0.299017727 -0.297516078
1403637192638319104.000000 -1.506848931 0.586446762 -4.675004959 0.905141532 -0.000291051 -0.303518116 -0.297650069
1403637192688318976.000000 -1.496232986 0.597707272 -4.691273689 0.903972268 -0.003182453 -0.306714624 -0.297909856
1403637192738319104.000000 -1.486971378 0.610594749 -4.708106518 0.903599262 -0.005136987 -0.307732403 -0.297964483
1403637192788318976.000000 -1.478982687 0.625211239 -4.725773811 0.903638363 -0.005914010 -0.307367682 -0.298207909
1403637192838319104.000000 -1.482013583 0.643521309 -4.746550560 0.904463589 -0.006826642 -0.304480165 -0.298648536
1403637192888318976.000000 -1.473825097 0.661804199 -4.766605377 0.905759990 -0.007420834 -0.300365537 -0.298871815
1403637192938319104.000000 -1.462698579 0.680995464 -4.787785530 0.906705737 -0.009346538 -0.296840489 -0.299471408
1403637192988318976.000000 -1.450467706 0.701206684 -4.809656143 0.907617629 -0.009963404 -0.293401867 -0.300077260
1403637193038319104.000000 -1.436962843 0.722856998 -4.832822323 0.907727659 -0.012778030 -0.292456657 -0.300560057
1403637193088318976.000000 -1.421937585 0.745313644 -4.856489182 0.906545222 -0.018288100 -0.295270473 -0.301092416
1403637193138319104.000000 -1.406394720 0.767985821 -4.880166054 0.903726459 -0.027824135 -0.302529544 -0.301629335
1403637193188318976.000000 -1.397555590 0.793109894 -4.906000137 0.900367558 -0.038675524 -0.310668617 -0.302204639
1403637193238319104.000000 -1.381206036 0.815938950 -4.932884216 0.897922814 -0.045232046 -0.316396654 -0.302625090
1403637193288318976.000000 -1.367895484 0.838136196 -4.961583614 0.896607578 -0.049263030 -0.319523185 -0.302610338
1403637193338319104.000000 -1.358049154 0.860538483 -4.992265701 0.898263931 -0.043103993 -0.316230625 -0.302096426
1403637193388318976.000000 -1.352544427 0.883365631 -5.023919582 0.900766969 -0.037082542 -0.310296983 -0.301595092
1403637193438319104.000000 -1.352350473 0.907031536 -5.054239273 0.903531313 -0.030712420 -0.303489417 -0.300968885
1403637193488318976.000000 -1.351067901 0.930972576 -5.087738037 0.905563533 -0.024870384 -0.298105210 -0.300781459
1403637193538319104.000000 -1.349723697 0.955600739 -5.121809006 0.907216728 -0.019170813 -0.293619424 -0.300629169
1403637193588318976.000000 -1.347291231 0.980896950 -5.156871796 0.907941937 -0.014198664 -0.291436046 -0.300840437
1403637193638319104.000000 -1.343775272 1.006924152 -5.189143658 0.908547580 -0.011007949 -0.289759904 -0.300764680
1403637193688318976.000000 -1.339215994 1.034780502 -5.226409912 0.908762932 -0.008265639 -0.289113700 -0.300823748
1403637193738319104.000000 -1.333391190 1.063896179 -5.264306068 0.909121990 -0.005300762 -0.287845582 -0.301021844
1403637193788318976.000000 -1.326427102 1.094089031 -5.302405357 0.909277439 -0.003788186 -0.287374705 -0.301025093
1403637193838319104.000000 -1.318305731 1.125474453 -5.340585232 0.909257293 -0.002070746 -0.287207991 -0.301261634
1403637193888318976.000000 -1.309398293 1.158201694 -5.378582954 0.909328461 -0.002066660 -0.287113279 -0.301137120
1403637193938319104.000000 -1.290582895 1.186468601 -5.410335064 0.909800589 -0.003622472 -0.285486728 -0.301242769
1403637193988318976.000000 -1.285118580 1.221635342 -5.446966648 0.911090791 -0.005043583 -0.281336218 -0.301227570
1403637194038319104.000000 -1.282987833 1.257451057 -5.481701851 0.912299275 -0.007098128 -0.277396142 -0.301182866
1403637194088318976.000000 -1.284906745 1.294193268 -5.514662743 0.913168430 -0.008887609 -0.274781495 -0.300898075
1403637194138319104.000000 -1.286743522 1.330592871 -5.545629978 0.913775623 -0.009369935 -0.273000479 -0.300661266
1403637194188318976.000000 -1.294093370 1.369651318 -5.576479912 0.913857937 -0.009963507 -0.272834063 -0.300542980
1403637194238319104.000000 -1.301506400 1.409379721 -5.605900764 0.913048685 -0.011073968 -0.275463700 -0.300565004
1403637194288318976.000000 -1.308139324 1.449348927 -5.634609222 0.912770212 -0.011399478 -0.276554972 -0.300396472
1403637194338319104.000000 -1.306492686 1.484091043 -5.658349991 0.912140608 -0.010758015 -0.278927475 -0.300138980
1403637194388318976.000000 -1.310258985 1.524998426 -5.686160564 0.911666274 -0.010281363 -0.280429929 -0.300196797
1403637194438319104.000000 -1.311718464 1.565942526 -5.714437485 0.911431789 -0.008928711 -0.281393707 -0.300050020
1403637194488318976.000000 -1.311570406 1.608747244 -5.743592739 0.911196113 -0.010517670 -0.282140970 -0.300012529
1403637194538319104.000000 -1.309611201 1.652506351 -5.773425579 0.910899401 -0.010392877 -0.283180237 -0.299938887
1403637194588318976.000000 -1.302707195 1.695547581 -5.802743435 0.910718620 -0.010535952 -0.283998489 -0.299709052
1403637194638319104.000000 -1.296272278 1.740212440 -5.832556248 0.910677969 -0.009661747 -0.284607261 -0.299284130
1403637194688318976.000000 -1.288382292 1.785897017 -5.862712860 0.909799337 -0.008447302 -0.287848651 -0.298893124
1403637194738319104.000000 -1.276486635 1.827128172 -5.890322685 0.908821344 -0.007626385 -0.291345537 -0.298502207
1403637194788318976.000000 -1.268427610 1.874493361 -5.920551777 0.908140004 -0.007268768 -0.293937057 -0.298043460
1403637194838319104.000000 -1.261147499 1.921779871 -5.950126171 0.907736421 -0.007419681 -0.295782655 -0.297442824
1403637194888318976.000000 -1.255747557 1.970931053 -5.979426861 0.907322109 -0.007223622 -0.297407717 -0.297091246
1403637194938319104.000000 -1.250737429 2.020831108 -6.009634972 0.907934606 -0.010071441 -0.295532703 -0.297008127
1403637194988318976.000000 -1.247179747 2.071797848 -6.039324284 0.909281611 -0.012600036 -0.291774958 -0.296505719
1403637195038319104.000000 -1.244988441 2.123574972 -6.069210529 0.911147594 -0.013890486 -0.286156625 -0.296195209
1403637195088318976.000000 -1.244063139 2.175678253 -6.097694397 0.912682891 -0.015602648 -0.281459272 -0.295883954
1403637195138319104.000000 -1.245099068 2.226051569 -6.126379967 0.914246440 -0.016997460 -0.276673108 -0.295493931
1403637195188318976.000000 -1.246736050 2.278780937 -6.153203487 0.915585577 -0.018403675 -0.272238016 -0.295382679
1403637195238319104.000000 -1.249524117 2.331750393 -6.179387569 0.916634500 -0.019613899 -0.268875837 -0.295130998
1403637195288318976.000000 -1.253281593 2.384574175 -6.204190731 0.917459309 -0.020113094 -0.266124427 -0.295028538
1403637195338319104.000000 -1.258030891 2.437384844 -6.228103161 0.917971909 -0.021878846 -0.264054567 -0.295168012
1403637195388318976.000000 -1.263632298 2.489707947 -6.250915527 0.918304265 -0.020807987 -0.262791038 -0.295339227
1403637195438319104.000000 -1.267628670 2.542391300 -6.272766590 0.917995274 -0.022468783 -0.261914343 -0.296952516
1403637195488318976.000000 -1.271094799 2.595989943 -6.294593334 0.916705132 -0.022996120 -0.262357384 -0.300485581
1403637195538319104.000000 -1.271413803 2.648625374 -6.315252781 0.914919019 -0.023214789 -0.263733059 -0.304679006
1403637195588318976.000000 -1.269861460 2.699767828 -6.337295055 0.913658202 -0.022440230 -0.263537318 -0.308663726
1403637195638319104.000000 -1.264914274 2.751164198 -6.356930256 0.912563145 -0.022462979 -0.262871683 -0.312445968
1403637195688318976.000000 -1.259151220 2.802026272 -6.376830101 0.911778629 -0.022883782 -0.261613101 -0.315744787
1403637195738319104.000000 -1.250611782 2.852047920 -6.395475388 0.911413908 -0.021995597 -0.259784400 -0.318359971
1403637195788318976.000000 -1.243795872 2.901962042 -6.413086414 0.910614431 -0.019932667 -0.259898335 -0.320682079
1403637195838319104.000000 -1.233007908 2.950936079 -6.430233479 0.911209643 -0.014855989 -0.256090641 -0.322325885
1403637195888318976.000000 -1.226937056 3.001723051 -6.446470261 0.911418200 -0.008653093 -0.254170567 -0.323480308
1403637195938319104.000000 -1.215984821 3.050717354 -6.461517811 0.911699831 -0.002799788 -0.252169788 -0.324354887
1403637195988318976.000000 -1.206056118 3.099926949 -6.474765778 0.912554979 0.004834068 -0.248533919 -0.324732274
1403637196038319104.000000 -1.198752403 3.151139259 -6.485551834 0.913509965 0.011786603 -0.244436458 -0.324979305
1403637196088318976.000000 -1.190074205 3.202078581 -6.494146824 0.915315330 0.017571621 -0.237373009 -0.324874163
1403637196138319104.000000 -1.183588982 3.256228924 -6.500379562 0.917451382 0.022600001 -0.229111984 -0.324468613
1403637196188318976.000000 -1.175754189 3.309585810 -6.503423214 0.919817209 0.026797000 -0.219543546 -0.324066401
1403637196238319104.000000 -1.168434143 3.365893841 -6.503973007 0.922017515 0.028564312 -0.210663915 -0.323556185
1403637196288318976.000000 -1.161324501 3.421939373 -6.499653816 0.923887134 0.030131562 -0.202859566 -0.323067635
1403637196338319104.000000 -1.153277993 3.482792377 -6.491394520 0.925550818 0.032610089 -0.196357191 -0.322080940
1403637196388318976.000000 -1.146962523 3.540931463 -6.478073120 0.926935017 0.034109410 -0.191142842 -0.321080148
1403637196438319104.000000 -1.139789224 3.601865053 -6.459865093 0.927787423 0.034682427 -0.188186407 -0.320302516
1403637196488318976.000000 -1.133870721 3.662010908 -6.436044693 0.928001225 0.032961059 -0.188122317 -0.319902122
1403637196538319104.000000 -1.126959205 3.723626375 -6.407228947 0.928048491 0.031684719 -0.189221218 -0.319245100
1403637196588318976.000000 -1.121010303 3.786080837 -6.373973370 0.928053498 0.027680542 -0.189989358 -0.319146693
1403637196638319104.000000 -1.113828540 3.850325584 -6.336205482 0.927626967 0.025366910 -0.193333283 -0.318570226
1403637196688318976.000000 -1.107841969 3.913654804 -6.293551922 0.927276969 0.021359926 -0.195877552 -0.318328738
1403637196738319104.000000 -1.096200585 3.982349396 -6.251086235 0.926965535 0.017239247 -0.198073462 -0.318126857
1403637196788318976.000000 -1.091779947 4.046167374 -6.199396610 0.926370680 0.013022601 -0.201417208 -0.317960650
1403637196838319104.000000 -1.083468080 4.111864567 -6.146152496 0.926487207 0.012925158 -0.201953754 -0.317283928
1403637196888318976.000000 -1.077975392 4.175105572 -6.086400032 0.927298248 0.013292993 -0.199675471 -0.316339910
1403637196938319104.000000 -1.071261644 4.240602493 -6.024433613 0.927485466 0.010638377 -0.199530318 -0.315982997
1403637196988318976.000000 -1.065342903 4.304299355 -5.956840992 0.926866949 0.002298945 -0.201525107 -0.316701889
1403637197038319104.000000 -1.054294467 4.370258331 -5.889447212 0.925048053 -0.004783868 -0.205715105 -0.319287688
1403637197088318976.000000 -1.044745445 4.434566498 -5.816367626 0.922666728 -0.010057319 -0.209607452 -0.323495984
1403637197138319104.000000 -1.027376175 4.503150463 -5.748145103 0.919708073 -0.014017143 -0.213095412 -0.329440504
1403637197188318976.000000 -1.014334202 4.565189838 -5.668981075 0.915695548 -0.017306905 -0.217756689 -0.337319106
1403637197238319104.000000 -0.992651701 4.629396439 -5.593543530 0.911386847 -0.019019196 -0.220045134 -0.347264320
1403637197288318976.000000 -0.974226952 4.689373970 -5.511277676 0.905607998 -0.020364063 -0.224915668 -0.358988255
1403637197338319104.000000 -0.949586391 4.749210358 -5.431015491 0.899294853 -0.021208359 -0.228537470 -0.372276396
1403637197388318976.000000 -0.925788641 4.807211876 -5.347070694 0.892534554 -0.022779681 -0.229925543 -0.387295157
1403637197438319104.000000 -0.894680500 4.869424343 -5.268918037 0.884585023 -0.022378476 -0.231707498 -0.404129028
1403637197488318976.000000 -0.866497040 4.924618244 -5.183897495 0.876290262 -0.017579585 -0.231654644 -0.422069430
1403637197538319104.000000 -0.832465410 4.982346058 -5.102981091 0.867251515 -0.013559212 -0.230486631 -0.441097409
1403637197588318976.000000 -0.800930500 5.035942078 -5.017130375 0.857305765 -0.007005429 -0.228456751 -0.461286455
1403637197638319104.000000 -0.765700817 5.089509487 -4.933739662 0.846856892 -0.003058615 -0.224984095 -0.481877804
1403637197688318976.000000 -0.730658531 5.141084671 -4.847661972 0.836156607 -0.000987520 -0.220476404 -0.502226472
1403637197738319104.000000 -0.688753247 5.198689461 -4.767246246 0.825803876 0.002998681 -0.214631587 -0.521509707
1403637197788318976.000000 -0.649489880 5.247764111 -4.680992603 0.815788507 0.006153550 -0.206847280 -0.540060520
1403637197838319104.000000 -0.606780648 5.298038483 -4.596744061 0.806173861 0.010102350 -0.196787432 -0.557903588
1403637197888318976.000000 -0.563427925 5.344963551 -4.509253979 0.796304286 0.014422030 -0.188928619 -0.574454188
1403637197938319104.000000 -0.517469883 5.392731190 -4.422986984 0.786305130 0.016290588 -0.182186961 -0.590141356
1403637197988318976.000000 -0.470734715 5.437361240 -4.333541870 0.776771069 0.018867215 -0.175622568 -0.604506016
1403637198038319104.000000 -0.420482039 5.483208656 -4.244413376 0.767090023 0.019568995 -0.170237049 -0.618230820
1403637198088318976.000000 -0.369149327 5.524185658 -4.152498245 0.757681608 0.019641683 -0.165359750 -0.631022215
1403637198138319104.000000 -0.313485026 5.575066090 -4.062807083 0.748206973 0.020587437 -0.160487130 -0.643433332
1403637198188318976.000000 -0.257737637 5.614460468 -3.968485832 0.738628447 0.020750389 -0.157411784 -0.655148149
1403637198238319104.000000 -0.197135806 5.656704903 -3.875416994 -0.728977442 -0.022647617 0.154491544 0.666491866
1403637198288318976.000000 -0.136930823 5.692926407 -3.778956890 -0.720451474 -0.023287129 0.147047460 0.677336395
1403637198338319104.000000 -0.074081659 5.732134819 -3.683080673 -0.711532712 -0.024512220 0.142496303 0.687615633
1403637198388318976.000000 -0.013533592 5.767125130 -3.583632231 -0.704355538 -0.026018828 0.133346140 0.696724534
1403637198438319104.000000 0.047542214 5.804042816 -3.484474897 -0.698394895 -0.026556162 0.125783160 0.704072475
1403637198488318976.000000 0.104317784 5.836612701 -3.380814314 -0.694056213 -0.027633728 0.118985355 0.709482133
1403637198538319104.000000 0.158981860 5.868605137 -3.276420116 -0.691023290 -0.028807053 0.112387314 0.713460624
1403637198588318976.000000 0.209271967 5.898781300 -3.167831659 -0.689047635 -0.029916113 0.106421344 0.716235280
1403637198638319104.000000 0.256012022 5.930284023 -3.058807611 -0.687813520 -0.031315435 0.101680048 0.718048096
1403637198688318976.000000 0.297840297 5.957381725 -2.944257975 -0.686425745 -0.030585144 0.100069128 0.719632208
1403637198738319104.000000 0.335667729 5.984539986 -2.828351736 -0.685178518 -0.029572969 0.099714339 0.720911205
1403637198788318976.000000 0.369590402 6.007711411 -2.708132982 -0.684796095 -0.027403101 0.098506652 0.721526086
1403637198838319104.000000 0.399850428 6.034032822 -2.587261915 -0.684682429 -0.021523939 0.096235096 0.722139537
1403637198888318976.000000 0.427812696 6.053997993 -2.461365461 -0.685094893 -0.014603138 0.094358720 0.722169161
1403637198938319104.000000 0.454253614 6.072928905 -2.333473682 -0.684370756 -0.004804686 0.096461743 0.722709358
1403637198988318976.000000 0.482448161 6.087169170 -2.202660561 -0.682603359 0.006374108 0.097820111 0.724184573
1403637199038319104.000000 0.507735848 6.098886490 -2.069881201 -0.679259300 0.014839715 0.101421520 0.726705134
1403637199088318976.000000 0.537749827 6.107167721 -1.937239885 -0.674663305 0.019566650 0.106550187 0.730132699
1403637199138319104.000000 0.567436934 6.111657143 -1.804066658 -0.669109941 0.021851599 0.111349910 0.734449208
1403637199188318976.000000 0.600464761 6.111678123 -1.670984268 -0.662748992 0.022145189 0.115459673 0.739555597
1403637199238319104.000000 0.633271515 6.111477852 -1.537219524 -0.655566871 0.022186955 0.117062837 0.745678306
1403637199288318976.000000 0.670657456 6.105411053 -1.405104399 -0.648655057 0.021232698 0.115441114 0.751976848
1403637199338319104.000000 0.706663489 6.096992016 -1.272490025 -0.640699744 0.021610221 0.112045713 0.759264588
1403637199388318976.000000 0.746926010 6.083971500 -1.142001152 -0.632316589 0.020460121 0.107679769 0.766917348
1403637199438319104.000000 0.784640431 6.068594456 -1.010844469 -0.622501433 0.020537829 0.103290558 0.775500655
1403637199488318976.000000 0.825384915 6.049435616 -0.881284475 -0.612498522 0.019929983 0.098384291 0.784072042
1403637199538319104.000000 0.862182617 6.029045105 -0.751281261 -0.601644158 0.019727496 0.094932035 0.792857587
1403637199588318976.000000 0.898790896 6.004642010 -0.621961355 -0.590770602 0.020335523 0.090772197 0.801459312
1403637199638319104.000000 0.929604888 5.975739002 -0.488712072 -0.578873813 0.024379354 0.089538790 0.810119569
1403637199688318976.000000 0.961054623 5.945163727 -0.358891726 -0.566168964 0.029443135 0.087960102 0.819053710
1403637199738319104.000000 0.987922072 5.912447929 -0.227945089 -0.552859187 0.033752732 0.087523535 0.827977717
1403637199788318976.000000 1.012064815 5.877601624 -0.098676443 -0.537129402 0.040977955 0.089765124 0.837708235
1403637199838319104.000000 1.028600931 5.840551376 0.032735348 -0.520703495 0.048868496 0.090334408 0.847537339
1403637199888318976.000000 1.040329695 5.802973270 0.162583590 -0.502670169 0.058743134 0.092289425 0.857528269
1403637199938319104.000000 1.044591427 5.762888908 0.292454958 -0.484093726 0.068624809 0.093212806 0.867326617
1403637199988318976.000000 1.049446344 5.721637726 0.417566299 -0.464711249 0.081070855 0.091733202 0.876958430
1403637200038319104.000000 1.047886610 5.676503181 0.540036201 -0.444850922 0.091152579 0.089764774 0.886420488
1403637200088318976.000000 1.047625661 5.629908562 0.655970931 -0.425785929 0.098268189 0.084226809 0.895519733
1403637200138319104.000000 1.040980339 5.579719543 0.767389894 -0.406877965 0.104337879 0.076858237 0.904243827
1403637200188318976.000000 1.034904480 5.527364731 0.872372627 -0.389747828 0.101212911 0.070271529 0.912641525
1403637200238319104.000000 1.021070004 5.472392082 0.971938372 -0.373039305 0.095796801 0.064635791 0.920590580
1403637200288318976.000000 1.009785056 5.415246964 1.065077662 -0.361549556 0.083398126 0.053945784 0.927047253
1403637200338319104.000000 0.992186308 5.355394840 1.153152943 -0.352140039 0.066194497 0.045633372 0.932487667
1403637200388318976.000000 0.978897393 5.293101788 1.235375643 -0.343409956 0.049594313 0.041253570 0.936967611
1403637200438319104.000000 0.960094810 5.228521824 1.313462138 -0.335812241 0.033290960 0.040102791 0.940485895
1403637200488318976.000000 0.949043512 5.162093163 1.386893034 -0.330307186 0.018394645 0.039288845 0.942876041
1403637200538319104.000000 0.935135245 5.094010353 1.457094193 -0.323376000 0.010803127 0.044847216 0.945145488
1403637200588318976.000000 0.927960098 5.024814606 1.525225401 -0.317825854 0.008577177 0.050845087 0.946746051
1403637200638319104.000000 0.922119915 4.954980850 1.590848088 0.314082235 -0.006319393 -0.055598412 -0.947745323
1403637200688318976.000000 0.911051273 4.885926723 1.650808573 -0.312176406 0.005417463 0.059434462 0.948147774
1403637200738319104.000000 0.908661902 4.815671921 1.710808754 -0.311175495 0.004259171 0.063647307 0.948209226
1403637200788318976.000000 0.906297326 4.745419025 1.768078208 0.311176211 -0.006776977 -0.068682097 -0.947842956
1403637200838319104.000000 0.906316400 4.675922871 1.823001504 0.313186705 -0.010549095 -0.074440166 -0.946710944
1403637200888318976.000000 0.895445883 4.610736370 1.871400476 -0.316607535 0.013279445 0.077713110 0.945274591
1403637200938319104.000000 0.897842526 4.542338371 1.920168281 -0.320917994 0.013727232 0.079765148 0.943642259
1403637200988318976.000000 0.899780989 4.474361897 1.965409160 0.325520366 -0.013587010 -0.081062369 -0.941955805
1403637201038319104.000000 0.903392792 4.406706810 2.007815361 0.330586553 -0.013814119 -0.081689976 -0.940132201
1403637201088318976.000000 0.901227772 4.342538834 2.042804718 -0.334996760 0.013170673 0.082448348 0.938512683
1403637201138319104.000000 0.907791257 4.276262283 2.079913378 -0.339910507 0.011578365 0.082752742 0.936738372
1403637201188318976.000000 0.914660990 4.210535526 2.113722324 0.343603283 -0.012062745 -0.085086912 -0.935174644
1403637201238319104.000000 0.923289835 4.145059109 2.145772457 0.346382558 -0.010955169 -0.089200079 -0.933778644
1403637201288318976.000000 0.932845950 4.079715729 2.174611092 0.348725080 -0.012566464 -0.096891493 -0.932118535
1403637201338319104.000000 0.934358776 4.022252560 2.196943760 -0.350099146 0.015789358 0.109228894 0.930188298
1403637201388318976.000000 0.940777183 3.959102392 2.221216679 -0.352871329 0.016308449 0.121979885 0.927543402
1403637201438319104.000000 0.943462253 3.897741556 2.242286444 0.355960965 -0.016371364 -0.135342300 -0.924503267
1403637201488318976.000000 0.944761336 3.839002609 2.261609077 0.359852910 -0.015745364 -0.148122311 -0.921041667
1403637201538319104.000000 0.943908572 3.782917023 2.278568745 0.363690615 -0.015537735 -0.159671411 -0.917601645
1403637201588318976.000000 0.941317081 3.729570150 2.292688847 0.367158592 -0.016423663 -0.168813810 -0.914563775
1403637201638319104.000000 0.936872005 3.690345526 2.300845623 -0.370019943 0.017883232 0.176319182 0.911963284
1403637201688318976.000000 0.931147277 3.643790960 2.308176517 -0.373649627 0.020263262 0.180188745 0.909674406
1403637201738319104.000000 0.923354983 3.601042986 2.311651707 0.378822178 -0.022867914 -0.177102342 -0.908078015
1403637201788318976.000000 0.914669156 3.561361790 2.311755180 0.384242326 -0.023842117 -0.171114534 -0.906922996
1403637201838319104.000000 0.905442059 3.524478912 2.308044195 0.388092965 -0.025145361 -0.167527407 -0.905917346
1403637201888318976.000000 0.896511078 3.490016460 2.300251722 0.391194522 -0.025789447 -0.163703322 -0.905264080
1403637201938319104.000000 0.888181508 3.458188534 2.288737774 0.393011332 -0.025660394 -0.161653310 -0.904849112
1403637201988318976.000000 0.880340934 3.428689241 2.273630381 0.392539263 -0.023854045 -0.163887292 -0.904701591
1403637202038319104.000000 0.884520590 3.419845581 2.257207632 -0.390422940 0.021033231 0.168940112 0.904757917
1403637202088318976.000000 0.877580106 3.395447016 2.234740734 -0.387508184 0.016677346 0.175004035 0.904949129
1403637202138319104.000000 0.870892823 3.374556541 2.208273649 0.384976387 -0.009612613 -0.179484963 -0.905254722
1403637202188318976.000000 0.865347624 3.356592894 2.177774906 0.384584635 -0.000927753 -0.178673670 -0.905632138
1403637202238319104.000000 0.859982014 3.342091322 2.143925190 0.386881143 0.009287329 -0.170803979 -0.906125188
1403637202288318976.000000 0.861616015 3.342371225 2.113507748 -0.389768749 -0.020754728 0.160605624 0.906562388
1403637202338319104.000000 0.854105532 3.334437609 2.077290773 -0.392183423 -0.030071205 0.151862606 0.906766653
1403637202388318976.000000 0.845944524 3.329866409 2.040959835 0.394273162 0.037235394 -0.143612832 -0.906938553
1403637202438319104.000000 0.836819530 3.327689171 2.004759073 0.395889670 0.040713146 -0.137461916 -0.907038152
1403637202488318976.000000 0.827723682 3.327985287 1.969053984 0.396966726 0.039862931 -0.132676408 -0.907317698
1403637202538319104.000000 0.819363952 3.330459356 1.933647871 0.397760361 0.037207745 -0.128670439 -0.907659829
1403637202588318976.000000 0.812523246 3.335286379 1.898753166 0.398037493 0.032428127 -0.126152873 -0.908074915
1403637202638319104.000000 0.808024168 3.341882467 1.863554955 0.398770571 0.027049147 -0.122077651 -0.908486426
1403637202688318976.000000 0.805587888 3.349756002 1.827854872 0.399715245 0.023566287 -0.117971309 -0.908710718
1403637202738319104.000000 0.805724144 3.358694792 1.791597128 0.400453418 0.019826785 -0.113894150 -0.908995092
1403637202788318976.000000 0.814023018 3.386301041 1.768909812 -0.402105480 -0.020197576 0.107910722 0.908987641
1403637202838319104.000000 0.815493524 3.397448063 1.733384132 -0.404077828 -0.020767154 0.102099843 0.908771455
1403637202888318976.000000 0.815438986 3.409680843 1.695913792 0.405873597 0.022284318 -0.096539818 -0.908542871
1403637202938319104.000000 0.814122140 3.422041178 1.660824060 0.407475412 0.023715032 -0.091701277 -0.908290863
1403637202988318976.000000 0.811365247 3.434256554 1.626441598 0.408792824 0.025031617 -0.088216692 -0.908008695
1403637203038319104.000000 0.807660222 3.446449041 1.593068480 0.409634680 0.025517620 -0.086169645 -0.907812297
1403637203088318976.000000 0.803140640 3.458371878 1.560858965 0.409888029 0.025400912 -0.085846841 -0.907731771
1403637203138319104.000000 0.797969460 3.470368147 1.530183077 0.409546316 0.023905141 -0.087411784 -0.907777309
1403637203188318976.000000 0.791921973 3.482125998 1.500580788 0.410351753 0.025156828 -0.085640118 -0.907548606
1403637203238319104.000000 0.785603583 3.493653297 1.472356439 0.410971761 0.024203165 -0.085031696 -0.907351196
1403637203288318976.000000 0.780204356 3.501243591 1.449663281 -0.411885709 -0.024355030 0.084271409 0.907003522
1403637203338319104.000000 0.772840858 3.512605429 1.424079061 -0.412176698 -0.023963412 0.083860092 0.906919897
1403637203388318976.000000 0.764498472 3.523000240 1.397589803 0.412066102 0.023398763 -0.085037798 -0.906875193
1403637203438319104.000000 0.755133808 3.533560276 1.372593760 0.412739098 0.024236469 -0.084245861 -0.906621039
1403637203488318976.000000 0.744956434 3.543804407 1.348982096 0.412921816 0.024173353 -0.084432684 -0.906522155
1403637203538319104.000000 0.734014988 3.553652763 1.326405644 0.413419455 0.023696816 -0.083510742 -0.906393349
1403637203588318976.000000 0.722370565 3.563485146 1.304999590 0.414245903 0.023501938 -0.081967004 -0.906161964
1403637203638319104.000000 0.710133195 3.573099375 1.284711003 0.415401638 0.024353266 -0.080007084 -0.905785501
1403637203688318976.000000 0.697210193 3.582151175 1.266068220 0.415538132 0.023907205 -0.080412604 -0.905698836
1403637203738319104.000000 0.683795810 3.590699673 1.248758554 0.415967375 0.022628592 -0.080603130 -0.905517697
1403637203788318976.000000 0.669518590 3.592962503 1.226498127 -0.416319668 -0.022451824 0.080970660 0.905327439
1403637203838319104.000000 0.654711246 3.600779295 1.211128592 -0.416454017 -0.022033313 0.081463762 0.905231655
1403637203888318976.000000 0.639602661 3.607187748 1.196707845 0.416874915 0.021562200 -0.080972761 -0.905093312
1403637203938319104.000000 0.623536527 3.613399744 1.183140993 0.417258769 0.021231029 -0.080711953 -0.904947519
1403637203988318976.000000 0.606674790 3.619060993 1.170433402 0.417582631 0.021629216 -0.080598488 -0.904798806
1403637204038319104.000000 0.590064347 3.624269962 1.158287287 0.418186575 0.022036383 -0.080011696 -0.904562056
1403637204088318976.000000 0.574458063 3.628760099 1.146452308 0.418244123 0.021552341 -0.081012852 -0.904458046
1403637204138319104.000000 0.560993552 3.632347822 1.134391189 0.418544114 0.021606190 -0.080562316 -0.904358268
1403637204188318976.000000 0.550544083 3.635456324 1.122435689 0.418644488 0.022008296 -0.081381053 -0.904228747
1403637204238319104.000000 0.541645825 3.637161493 1.110207915 0.419107765 0.022096243 -0.080598280 -0.904082119
1403637204288318976.000000 0.533327401 3.632829666 1.089815736 -0.418824285 -0.023024669 0.082184128 0.904047549
1403637204338319104.000000 0.528176963 3.632379770 1.077989459 -0.418447971 -0.021890866 0.083439641 0.904134870
1403637204388318976.000000 0.524989724 3.631698608 1.066522717 0.418261081 0.019424655 -0.085521862 -0.904083192
1403637204438319104.000000 0.523209691 3.630268812 1.054549694 0.419052124 0.017092776 -0.085075215 -0.903806031
1403637204488318976.000000 0.523726523 3.628594637 1.042765379 0.418972850 0.012308497 -0.087029681 -0.903734565
1403637204538319104.000000 0.526351810 3.626447678 1.030709863 0.419701368 0.010497971 -0.087130412 -0.903409600
1403637204588318976.000000 0.530429006 3.623554230 1.018226147 0.420538872 0.010520343 -0.088225022 -0.902913511
1403637204638319104.000000 0.536149144 3.619892120 1.005139470 0.421387166 0.011451305 -0.089513525 -0.902379692
1403637204688318976.000000 0.542840779 3.615721226 0.991774678 0.423056751 0.013774618 -0.088475920 -0.901668072
1403637204738319104.000000 0.549330056 3.610871315 0.978335619 0.423718452 0.013965978 -0.089440115 -0.901259243
1403637204788318976.000000 0.552436113 3.600967169 0.960699677 -0.424763739 -0.016134540 0.090175532 0.900657475
1403637204838319104.000000 0.556030512 3.595214367 0.948109508 -0.425089091 -0.017275745 0.091865502 0.900312006
1403637204888318976.000000 0.558142424 3.589395761 0.937299848 0.426062286 0.018306701 -0.091682397 -0.899850130
1403637204938319104.000000 0.558602333 3.583372593 0.926789045 0.426372051 0.020381397 -0.092381135 -0.899587333
1403637204988318976.000000 0.557290196 3.577254057 0.917088509 0.426452011 0.023549607 -0.094045825 -0.899299502
1403637205038319104.000000 0.554736316 3.571072102 0.908102036 0.426404685 0.026653180 -0.095408522 -0.899091780
1403637205088318976.000000 0.551188707 3.565063953 0.900009871 0.426346540 0.028790429 -0.096085496 -0.898981333
1403637205138319104.000000 0.546787858 3.559096813 0.892458558 0.426371276 0.029003391 -0.096381463 -0.898931026
1403637205188318976.000000 0.541356504 3.553350925 0.885640621 0.426407516 0.029388405 -0.095607370 -0.898984075
1403637205238319104.000000 0.534908891 3.547504902 0.879627585 0.424889773 0.030239817 -0.095606498 -0.899674177
1403637205288318976.000000 0.533505857 3.542835236 0.872686386 -0.422276527 -0.031604968 0.094912522 0.900930226
1403637205338319104.000000 0.527589917 3.536760807 0.868021607 -0.419004560 -0.031078989 0.092889868 0.902685285
1403637205388318976.000000 0.523096323 3.530666351 0.864432812 0.416030258 0.031447176 -0.090958133 -0.904243708
1403637205438319104.000000 0.520658910 3.524556637 0.860534072 0.413396209 0.030989561 -0.088462770 -0.905713856
1403637205488318976.000000 0.520234704 3.518186092 0.856847048 0.410617948 0.028957343 -0.085829258 -0.907296956
1403637205538319104.000000 0.521177411 3.511581421 0.853307962 0.408035249 0.026416510 -0.083364666 -0.908768237
1403637205588318976.000000 0.512645721 3.501035929 0.851045966 0.406353921 0.024716245 -0.080591395 -0.909819067
1403637205638319104.000000 0.520968378 3.498028994 0.848172188 0.404039025 0.023765922 -0.079900801 -0.910935581
1403637205688318976.000000 0.509131491 3.487020493 0.847589135 0.402935922 0.022958850 -0.078397289 -0.911575317
1403637205738319104.000000 0.504793525 3.479809999 0.847381711 0.401471734 0.023010608 -0.078679472 -0.912195504
1403637205788318976.000000 0.507140517 3.486039400 0.857689500 -0.400436223 -0.023174837 0.078249440 0.912683308
1403637205838319104.000000 0.500529408 3.478075027 0.858970404 -0.399929076 -0.023547068 0.077650450 0.912947297
1403637205888318976.000000 0.491949767 3.470174074 0.860415459 0.399106354 0.023202511 -0.078272432 -0.913262963
1403637205938319104.000000 0.483595490 3.462005138 0.862561464 0.398769766 0.022897031 -0.078188367 -0.913424909
1403637205988318976.000000 0.476133555 3.453299522 0.864716887 0.398396760 0.022534978 -0.077498436 -0.913655460
1403637206038319104.000000 0.469939113 3.443845034 0.866804719 0.397780061 0.021840235 -0.078086719 -0.913890898
1403637206088318976.000000 0.465231568 3.433537483 0.868539929 0.397039354 0.021094957 -0.079287671 -0.914127052
1403637206138319104.000000 0.461402595 3.422515392 0.870284319 0.395647466 0.019755896 -0.082275219 -0.914496422
1403637206188318976.000000 0.460125744 3.411544323 0.872164607 0.393764228 0.017551173 -0.086557113 -0.914958835
1403637206238319104.000000 0.456039310 3.392666817 0.866223216 0.392817438 0.016527990 -0.088557146 -0.915193439
1403637206288318976.000000 0.467157423 3.383058071 0.874917090 -0.392252505 -0.015126389 0.090589061 0.915261090
1403637206338319104.000000 0.472742230 3.372514725 0.875747919 -0.391886830 -0.013658648 0.091981992 0.915301919
1403637206388318976.000000 0.479468048 3.362625599 0.874762833 0.391735554 0.013605954 -0.091988653 -0.915366769
1403637206438319104.000000 0.488172531 3.353154659 0.874162018 0.391921848 0.013753010 -0.092208438 -0.915262699
1403637206488318976.000000 0.497584522 3.343966007 0.873167157 0.392133296 0.013722134 -0.091845550 -0.915209115
1403637206538319104.000000 0.506293893 3.334928036 0.871976912 0.392437965 0.013331085 -0.091839366 -0.915084839
1403637206588318976.000000 0.513662755 3.325999737 0.870748043 0.393009305 0.013615715 -0.091019854 -0.914917350
1403637206638319104.000000 0.519472182 3.317179680 0.869464099 0.393675566 0.014102280 -0.090012915 -0.914723158
1403637206688318976.000000 0.523403704 3.308299541 0.868053019 0.394606322 0.014730501 -0.088723518 -0.914438128
1403637206738319104.000000 0.525884092 3.299235582 0.866553247 0.395163447 0.014499657 -0.087933183 -0.914277494
1403637206788318976.000000 0.524050176 3.271526098 0.859228373 -0.396081001 -0.013728573 0.086780094 0.914002597
1403637206838319104.000000 0.524765611 3.261657238 0.857542634 -0.396542430 -0.013861472 0.086442694 0.913832366
1403637206888318976.000000 0.526387870 3.252001762 0.856014431 0.397169441 0.012866705 -0.085833356 -0.913632095
1403637206938319104.000000 0.528751910 3.241138220 0.853287876 0.397160411 0.011131463 -0.085558794 -0.913684547
1403637206988318976.000000 0.531916022 3.230383158 0.850483179 0.397654295 0.010920874 -0.085548684 -0.913473248
1403637207038319104.000000 0.537191153 3.219911575 0.847361505 0.398187637 0.010458424 -0.085558861 -0.913245261
1403637207088318976.000000 0.542710185 3.208706856 0.843755424 0.398476154 0.011119695 -0.086318098 -0.913040221
1403637207138319104.000000 0.547418773 3.197023869 0.840059876 0.399266839 0.009649011 -0.086180970 -0.912724435
1403637207188318976.000000 0.550253391 3.184847832 0.836478412 0.399896324 0.009640630 -0.086724475 -0.912397325
1403637207238319104.000000 0.551453054 3.172230005 0.833008468 0.400433809 0.007854091 -0.086547010 -0.912195563
1403637207288318976.000000 0.557363272 3.140694857 0.820481300 -0.401263922 -0.008715958 0.087603167 0.911722004
1403637207338319104.000000 0.554480791 3.127484798 0.817058921 -0.401667863 -0.008982691 0.088235632 0.911480546
1403637207388318976.000000 0.549477458 3.114121437 0.814607739 0.402178973 0.009176410 -0.087925479 -0.911283195
1403637207438319104.000000 0.543203175 3.100455761 0.811430216 0.402759492 0.009064113 -0.087962247 -0.911024392
1403637207488318976.000000 0.535161793 3.086349964 0.808204889 0.403163731 0.009363354 -0.088659048 -0.910774946
1403637207538319104.000000 0.525265157 3.071859837 0.804835677 0.403212756 0.010952560 -0.090470880 -0.910557270
1403637207588318976.000000 0.514274359 3.056956053 0.801485419 0.402348489 0.013025468 -0.095299631 -0.910419762
1403637207638319104.000000 0.493981957 3.054431915 0.805682123 0.400327802 0.016508553 -0.102300592 -0.910494268
1403637207688318976.000000 0.484610200 3.039427996 0.800516725 0.399047285 0.019697288 -0.107796028 -0.910358906
1403637207738319104.000000 0.493678749 3.019448519 0.783234358 -0.398778468 -0.022875763 0.109959811 0.910143554
1403637207788318976.000000 0.489540935 3.006263256 0.775801480 -0.399448335 -0.023290431 0.108741358 0.909985662
1403637207838319104.000000 0.487128645 2.993282080 0.767204821 0.400611043 0.022966616 -0.106209189 -0.909781814
1403637207888318976.000000 0.486950755 2.980773449 0.757458985 0.402173042 0.022930421 -0.102633946 -0.909503877
1403637207938319104.000000 0.489995927 2.969367266 0.747569442 0.403377503 0.021903140 -0.099433869 -0.909351349
1403637207988318976.000000 0.495659888 2.957769632 0.736613691 0.404428691 0.021319922 -0.096869878 -0.909175038
1403637208038319104.000000 0.503049612 2.945636988 0.724686265 0.405403972 0.021258172 -0.094428048 -0.908998966
1403637208088318976.000000 0.511962891 2.933903217 0.712947726 0.406278163 0.021671696 -0.092667878 -0.908779979
1403637208138319104.000000 0.522796035 2.921995163 0.701064110 0.406867296 0.022198409 -0.091588669 -0.908613145
1403637208188318976.000000 0.535115659 2.910163879 0.689152241 0.407882303 0.021496329 -0.089464881 -0.908386469
1403637208238319104.000000 0.554959655 2.914890528 0.686721683 -0.408091247 -0.023105279 0.090465456 0.908154070
1403637208288318976.000000 0.565869927 2.903244019 0.676513791 -0.407175928 -0.020919887 0.094864123 0.908169031
1403637208338319104.000000 0.574634373 2.890924692 0.664884925 0.406295121 0.018050667 -0.099068061 -0.908176184
1403637208388318976.000000 0.581994653 2.879482031 0.654563785 0.405783385 0.015779687 -0.102129765 -0.908108175
1403637208438319104.000000 0.587849438 2.868457794 0.644415081 0.406398416 0.014324974 -0.102439411 -0.907822371
1403637208488318976.000000 0.591501892 2.858028412 0.634373009 0.407013118 0.014319753 -0.101990186 -0.907597601
1403637208538319104.000000 0.593856454 2.848323107 0.624526501 0.407837778 0.013409236 -0.100564301 -0.907400370
1403637208588318976.000000 0.594723463 2.838940859 0.614503086 0.409287423 0.014411265 -0.097948976 -0.907018304
1403637208638319104.000000 0.594406843 2.830029249 0.604808986 0.410060942 0.014805825 -0.095914416 -0.906879961
1403637208688318976.000000 0.593005240 2.821551085 0.595496535 0.411201537 0.015328607 -0.093477488 -0.906609237
1403637208738319104.000000 0.590120435 2.833281279 0.597518802 -0.411546856 -0.014655097 0.092024297 0.906612396
1403637208788318976.000000 0.587078989 2.827120781 0.591581523 -0.411914527 -0.013842226 0.090970971 0.906564534
1403637208838319104.000000 0.580800533 2.816354275 0.579492152 0.412269741 0.013883715 -0.090057723 -0.906493545
1403637208888318976.000000 0.574094653 2.807867527 0.570772231 0.413032264 0.015229455 -0.088302523 -0.906297505
1403637208938319104.000000 0.566151500 2.799322844 0.562306762 0.414637744 0.017403146 -0.083601817 -0.905970991
1403637208988318976.000000 0.556815922 2.790493488 0.554288864 0.416858345 0.020573737 -0.077862360 -0.905396819
1403637209038319104.000000 0.546108127 2.781357288 0.547149181 0.418942064 0.023740832 -0.072039291 -0.904839396
1403637209088318976.000000 0.534633517 2.771456242 0.541254342 0.419964164 0.026468646 -0.066650294 -0.904702902
1403637209138319104.000000 0.523888052 2.760400534 0.536787808 0.418563306 0.026984984 -0.062825449 -0.905610085
1403637209188318976.000000 0.513738751 2.747992754 0.534160435 0.413207501 0.027772307 -0.064374752 -0.907934070
1403637209238319104.000000 0.505335808 2.745223999 0.540129006 -0.405248970 -0.026680009 0.068700634 0.911230922
1403637209288318976.000000 0.499002546 2.730949163 0.539616644 -0.396644473 -0.028688699 0.072672822 0.914641380
1403637209338319104.000000 0.494798541 2.714350462 0.536658347 0.388610005 0.030713728 -0.075400621 -0.917798340
1403637209388318976.000000 0.492130756 2.697928190 0.534448266 0.381881833 0.034136429 -0.077039786 -0.920361817
1403637209438319104.000000 0.491865277 2.683547258 0.534829378 -0.376298577 -0.038220573 0.078072943 0.922411680
1403637209488318976.000000 0.492284983 2.667406082 0.533324718 -0.371049166 -0.044957548 0.079411305 0.924118638
1403637209538319104.000000 0.494262546 2.652367592 0.533033311 0.366418183 0.053519588 -0.080624864 -0.925404310
1403637209588318976.000000 0.498154670 2.638071060 0.533372998 0.362382948 0.062965468 -0.082177661 -0.926261723
1403637209638319104.000000 0.504502058 2.625107765 0.535155714 0.358605921 0.071252435 -0.084215015 -0.926948071
1403637209688318976.000000 0.513112307 2.612790108 0.537824631 0.355501562 0.077194065 -0.085825779 -0.927520156
1403637209738319104.000000 0.524002850 2.602826118 0.543204069 0.353096217 0.081541166 -0.087235428 -0.927935481
1403637209788318976.000000 0.537236214 2.595575094 0.551482558 0.351660252 0.084334299 -0.087878823 -0.928170383
1403637209838319104.000000 0.553106010 2.592271328 0.564620137 -0.350779027 -0.087056719 0.088701934 0.928174198
1403637209888318976.000000 0.566425145 2.588593483 0.577927947 -0.349572659 -0.089210823 0.091104157 0.928192019
1403637209938319104.000000 0.578131914 2.587661028 0.594048262 0.348914683 0.092845678 -0.092990763 -0.927895963
1403637209988318976.000000 0.585593522 2.588592768 0.613207579 0.348378092 0.097794041 -0.094429024 -0.927443922
1403637210038319104.000000 0.589537621 2.591362476 0.635338187 0.347847700 0.103894010 -0.096247301 -0.926792562
1403637210088318976.000000 0.590787053 2.596553326 0.660880089 0.347682595 0.109741457 -0.098001778 -0.925996423
1403637210138319104.000000 0.589070678 2.603853464 0.689913213 0.346918255 0.114765115 -0.101107068 -0.925340056
1403637210188318976.000000 0.585731328 2.613859653 0.722748280 0.346375883 0.120787576 -0.103560373 -0.924504936
1403637210238319104.000000 0.582133532 2.626509905 0.759549916 0.345811486 0.125752717 -0.105811186 -0.923799038
1403637210288318976.000000 0.579274178 2.642208338 0.800375044 0.345484436 0.130112454 -0.106914774 -0.923190355
1403637210338319104.000000 0.581369996 2.652081490 0.843258083 -0.345380723 -0.132499829 0.108095400 0.922752082
1403637210388318976.000000 0.581116557 2.673905134 0.891758859 -0.345174402 -0.134421021 0.109006166 0.922444224
1403637210438319104.000000 0.582613587 2.699264050 0.945424974 0.345209122 0.132799208 -0.108193547 -0.922761738
1403637210488318976.000000 0.586613297 2.728374243 1.002841473 0.345873535 0.127392486 -0.105293803 -0.923610270
1403637210538319104.000000 0.592465460 2.760450363 1.063907027 0.346468747 0.119521871 -0.101999491 -0.924808145
1403637210588318976.000000 0.598803997 2.794921160 1.128260970 0.346645206 0.112234518 -0.100051977 -0.925867200
1403637210638319104.000000 0.605653405 2.831609488 1.195528507 0.346546710 0.104598910 -0.098521650 -0.926961660
1403637210688318976.000000 0.612523317 2.870501757 1.265346289 0.346461296 0.098826483 -0.096685834 -0.927819908
1403637210738319104.000000 0.619247675 2.911452532 1.337916970 0.345845252 0.094689019 -0.096492708 -0.928501070
1403637210788318976.000000 0.625906646 2.953979969 1.412892580 0.343883723 0.089202151 -0.100312710 -0.929367721
1403637210838319104.000000 0.637217522 3.000028372 1.483289719 -0.342418402 -0.084224038 0.103210941 0.930055678
1403637210888318976.000000 0.643558085 3.045969725 1.561428070 -0.340960324 -0.078331307 0.107140422 0.930661738
1403637210938319104.000000 0.650410354 3.094091415 1.641269207 0.339579225 0.069574431 -0.110355899 -0.931486487
1403637210988318976.000000 0.656592846 3.144076347 1.721811652 0.339101136 0.060777828 -0.111738741 -0.932111084
1403637211038319104.000000 0.662490606 3.195910215 1.802690983 0.338925630 0.052016091 -0.112557530 -0.932606399
1403637211088318976.000000 0.667663097 3.249548197 1.883698463 0.338770837 0.044027589 -0.114303738 -0.932861507
1403637211138319104.000000 0.671835661 3.305016994 1.964447975 0.340025306 0.040534128 -0.112509064 -0.932781637
1403637211188318976.000000 0.675752580 3.362359762 2.045092344 0.342693806 0.038643371 -0.107216679 -0.932508588
1403637211238319104.000000 0.679238915 3.420943022 2.125319719 0.345224082 0.035406522 -0.102093190 -0.932278812
1403637211288318976.000000 0.681797385 3.479104042 2.200804710 0.348122120 0.031381581 -0.096257672 -0.931966066
1403637211338319104.000000 0.683628559 3.540477991 2.280501366 -0.351269692 -0.026913553 0.091701068 0.931384027
1403637211388318976.000000 0.684587359 3.601486444 2.359485388 -0.353428751 -0.022696111 0.088476501 0.930991411
1403637211438319104.000000 0.684783220 3.662608862 2.438206673 0.354949117 0.020702254 -0.086555801 -0.930639982
1403637211488318976.000000 0.682418227 3.722291470 2.515343666 -0.355907619 -0.019354437 0.086009398 0.930353522
1403637211538319104.000000 0.680702746 3.783089638 2.592563391 -0.355710000 -0.021123186 0.087929122 0.930211127
1403637211588318976.000000 0.679575086 3.843434334 2.668264389 0.355740160 0.023762280 -0.089718327 -0.929965079
1403637211638319104.000000 0.680551231 3.903863430 2.742500305 0.355151385 0.025942881 -0.091752127 -0.929933369
1403637211688318976.000000 0.681719422 3.961525440 2.814998627 -0.354426563 -0.027001444 0.094530322 0.929901481
1403637211738319104.000000 0.685299993 4.021975040 2.886935711 -0.352873027 -0.031621844 0.099652447 0.929811895
1403637211788318976.000000 0.690742433 4.082030296 2.957047462 0.350752145 0.035367612 -0.106039330 -0.929772973
1403637211838319104.000000 0.698121548 4.142689228 3.025939465 0.348490447 0.038064044 -0.113156974 -0.929677904
1403637211888318976.000000 0.708391607 4.203207493 3.096605778 -0.347863853 -0.040862545 0.116328955 0.929402292
1403637211938319104.000000 0.719973683 4.266411304 3.161907434 -0.348325789 -0.042565726 0.115710273 0.929230034
1403637211988318976.000000 0.733582139 4.331002712 3.225814342 0.349586278 0.041967276 -0.112287521 -0.929203808
1403637212038319104.000000 0.751079440 4.396898270 3.293523788 -0.352001458 -0.039301500 0.106285051 0.929114640
1403637212088318976.000000 0.769487500 4.463885784 3.355757475 -0.354171097 -0.033057533 0.100008957 0.929229975
1403637212138319104.000000 0.789518833 4.530833244 3.417311192 0.355720103 0.025746303 -0.094588883 -0.929437101
1403637212188318976.000000 0.810804784 4.597544670 3.477251768 0.357664078 0.019808313 -0.089515202 -0.929339051
1403637212238319104.000000 0.831857920 4.663132191 3.539108753 -0.358923674 -0.014783873 0.086553074 0.929227591
1403637212288318976.000000 0.854336917 4.728764057 3.596590042 -0.359872639 -0.012291639 0.084037751 0.929127753
1403637212338319104.000000 0.877497017 4.793426037 3.653437614 0.360742301 0.009388818 -0.082615286 -0.928951859
1403637212388318976.000000 0.905781686 4.858563900 3.713312626 -0.361619920 -0.008094961 0.082025625 0.928675115
1403637212438319104.000000 0.931290269 4.921027184 3.766264915 -0.362709641 -0.007535053 0.081047736 0.928340614
1403637212488318976.000000 0.957603216 4.982289791 3.818475723 0.363249302 0.009990590 -0.081731342 -0.928046465
1403637212538319104.000000 0.985009670 5.043629646 3.870556593 -0.363820702 -0.013992630 0.082959868 0.927661777
1403637212588318976.000000 1.011982322 5.102814198 3.919736385 -0.364111811 -0.018148931 0.085247591 0.927268088
1403637212638319104.000000 1.039830923 5.162565708 3.969220638 -0.364658922 -0.023558903 0.086877659 0.926780045
1403637212688318976.000000 1.067734003 5.220790386 4.017709732 -0.364535958 -0.027905241 0.088618472 0.926542878
1403637212738319104.000000 1.096642971 5.279525280 4.066517830 0.365214318 0.031671740 -0.088228017 -0.926191807
1403637212788318976.000000 1.126472831 5.339288235 4.114549637 -0.365723103 -0.033528846 0.087314814 0.926012158
1403637212838319104.000000 1.156225324 5.397893906 4.163035393 -0.366098970 -0.036875959 0.086903796 0.925775111
1403637212888318976.000000 1.186909914 5.456112862 4.211447716 0.366612852 0.038088318 -0.085189112 -0.925682068
1403637212938319104.000000 1.217627645 5.515722752 4.259377480 -0.367132515 -0.039285295 0.082721710 0.925649822
1403637212988318976.000000 1.249530673 5.573705673 4.307797432 -0.367103368 -0.040253591 0.080544181 0.925811768
1403637213038319104.000000 1.282230616 5.631562233 4.357255936 0.366425306 0.040675752 -0.080461890 -0.926069140
1403637213088318976.000000 1.314321041 5.688924313 4.407215118 0.365094960 0.039887365 -0.081762604 -0.926514745
1403637213138319104.000000 1.344501734 5.747837067 4.456831455 -0.363570511 -0.040239241 0.083680592 0.926927626
1403637213188318976.000000 1.373217106 5.805191517 4.508199215 -0.362067580 -0.039699547 0.085405506 0.927381754
1403637213238319104.000000 1.400120854 5.863453865 4.559723854 0.361112654 0.038872693 -0.085954502 -0.927738369
1403637213288318976.000000 1.425764322 5.922760487 4.611346245 -0.360186964 -0.038813032 0.086746320 0.928026974
1403637213338319104.000000 1.450683355 5.980796337 4.663849354 -0.360069633 -0.037467778 0.086308159 0.928168654
1403637213388318976.000000 1.474017739 6.038406372 4.716390133 0.360143095 0.036233328 -0.085125178 -0.928298414
1403637213438319104.000000 1.496984839 6.098719597 4.769289017 -0.360160649 -0.033916794 0.084131896 0.928469658
1403637213488318976.000000 1.517924786 6.155992985 4.822164536 -0.360774368 -0.032383125 0.082725912 0.928412437
1403637213538319104.000000 1.537229180 6.213407516 4.874588966 0.361095488 0.031111201 -0.080792598 -0.928501368
1403637213588318976.000000 1.556672096 6.271283627 4.927627563 -0.363546073 -0.031506069 0.073164329 0.928164124
1403637213638319104.000000 1.573572993 6.327602386 4.980754852 -0.365288675 -0.033008143 0.067510039 0.927856147
1403637213688318976.000000 1.588727236 6.382941723 5.034094810 0.366863608 0.036508378 -0.061948027 -0.927491665
1403637213738319104.000000 1.604092598 6.439391613 5.088494301 -0.368106842 -0.038357470 0.057800144 0.927192092
1403637213788318976.000000 1.616175294 6.492025852 5.143245697 -0.368611306 -0.041734245 0.055726156 0.926972806
1403637213838319104.000000 1.627843976 6.543058395 5.198885918 0.368544042 0.043356970 -0.053926740 -0.927031517
1403637213888318976.000000 1.638385177 6.593191624 5.255582333 0.368722767 0.044482365 -0.052325446 -0.926998854
1403637213938319104.000000 1.648153543 6.641968250 5.313451290 0.368587911 0.045898978 -0.052041501 -0.926999450
1403637213988318976.000000 1.659347057 6.694074154 5.373711586 -0.368462116 -0.043538779 0.049956057 0.927278042
1403637214038319104.000000 1.672940254 6.739917278 5.433984280 -0.366420746 -0.039714471 0.049006347 0.928308666
1403637214088318976.000000 1.688177228 6.784962654 5.494801521 0.362253278 0.034555178 -0.049324088 -0.930132031
1403637214138319104.000000 1.705170751 6.827733040 5.556417465 0.356459081 0.029610077 -0.052324224 -0.932374597
1403637214188318976.000000 1.723911762 6.868710995 5.617880344 0.349846363 0.025018508 -0.053467285 -0.934945405
1403637214238319104.000000 1.742693782 6.911299229 5.680994034 -0.342829943 -0.021730011 0.052521314 0.937676370
1403637214288318976.000000 1.765234113 6.949622154 5.741538048 -0.335502446 -0.018660113 0.049074236 0.940575182
1403637214338319104.000000 1.789961696 6.986980438 5.801760674 0.326809794 0.015337771 -0.044744126 -0.943905771
1403637214388318976.000000 1.813420057 7.017978668 5.861093044 -0.318205476 -0.012629153 0.036762737 0.947224557
1403637214438319104.000000 1.839635372 7.050471306 5.918957233 -0.308555990 -0.012226213 0.026760416 0.950751066
1403637214488318976.000000 1.865979910 7.080078602 5.975057125 0.297924548 0.012229864 -0.016448228 -0.954369426
1403637214538319104.000000 1.893772483 7.106950760 6.030406952 0.287291259 0.012189947 -0.005549963 -0.957749665
1403637214588318976.000000 1.920585871 7.127809525 6.086159229 -0.278054476 -0.012723380 -0.005251206 0.960466743
1403637214638319104.000000 1.950198412 7.148479939 6.139204025 -0.269631475 -0.011985010 -0.016324565 0.962750614
1403637214688318976.000000 1.980179310 7.165781498 6.191895485 0.262570262 0.011163492 0.026350455 -0.964488447
1403637214738319104.000000 2.010596037 7.176471233 6.244426250 -0.257267922 -0.010962741 -0.036173657 0.965600669
1403637214788318976.000000 2.042389631 7.185895443 6.295564651 -0.251956165 -0.009564976 -0.042556390 0.966755211
1403637214838319104.000000 2.073862314 7.190857410 6.346450806 0.247404203 0.009157432 0.045560323 -0.967797339
1403637214888318976.000000 2.104379654 7.191642761 6.396828651 0.243751764 0.009143759 0.046921641 -0.968658805
1403637214938319104.000000 2.133051634 7.185615063 6.446656227 -0.241052538 -0.008345761 -0.047827981 0.969296992
1403637214988318976.000000 2.160059214 7.178254128 6.496551514 -0.238992870 -0.006591547 -0.048139669 0.969804943
1403637215038319104.000000 2.185059309 7.166707039 6.546429157 0.237357810 0.004948968 0.047585730 -0.970243514
1403637215088318976.000000 2.206693411 7.147232533 6.595166683 -0.236985356 -0.002132974 -0.047896679 0.970329463
1403637215138319104.000000 2.227865458 7.128071785 6.643158913 -0.236662626 0.000454104 -0.047993317 0.970405757
1403637215188318976.000000 2.247166634 7.104278088 6.689920902 0.236453563 -0.003084067 0.047145110 -0.970493495
1403637215238319104.000000 2.264878511 7.076975822 6.737269402 0.235045061 -0.005906449 0.043766849 -0.970980704
1403637215288318976.000000 2.280176163 7.044528008 6.785272598 -0.232390687 0.007969525 -0.040902317 0.971729398
1403637215338319104.000000 2.294054031 7.009591579 6.831037998 -0.227622122 0.011826319 -0.037217323 0.972966194
1403637215388318976.000000 2.301408768 6.970396519 6.875184059 -0.221808210 0.016423581 -0.034902155 0.974327147
1403637215438319104.000000 2.312359571 6.927844524 6.918193817 -0.213130444 0.023331413 -0.030863982 0.976257443
1403637215488318976.000000 2.323312998 6.881313801 6.958308220 0.203444764 -0.030669633 0.028808724 -0.978181839
1403637215538319104.000000 2.332768679 6.832344532 6.996606827 -0.193064451 0.035714053 -0.028464047 0.980122685
1403637215588318976.000000 2.342709303 6.779740334 7.030171871 -0.182020992 0.037486609 -0.028818043 0.982157230
1403637215638319104.000000 2.350502491 6.724171638 7.057760239 -0.169337749 0.037164371 -0.029338717 0.984420061
1403637215688318976.000000 2.361775160 6.665513992 7.084151268 -0.156559154 0.034703679 -0.032810874 0.986513257
1403637215738319104.000000 2.370550632 6.604436874 7.106125832 -0.143093005 0.027350547 -0.034837846 0.988717675
1403637215788318976.000000 2.381673574 6.541401863 7.126365185 -0.129079074 0.018755769 -0.036240034 0.990794361
1403637215838319104.000000 2.388226271 6.477351665 7.142446518 -0.115082428 0.010450693 -0.037733521 0.992584050
1403637215888318976.000000 2.401215076 6.410568237 7.156434536 -0.101474293 0.003964210 -0.038737651 0.994075775
1403637215938319104.000000 2.414479017 6.342125416 7.168074608 0.089047596 0.001135768 0.038271375 -0.995291173
1403637215988318976.000000 2.426207066 6.274396896 7.174214840 -0.077771269 -0.006322689 -0.037720658 0.996237338
1403637216038319104.000000 2.441961288 6.204246521 7.180710316 -0.066148780 -0.008547772 -0.036233131 0.997115076
1403637216088318976.000000 2.457910061 6.133600712 7.184307098 0.054772094 0.011207056 0.035835013 -0.997792780
1403637216138319104.000000 2.469587088 6.063634396 7.184412956 -0.044177447 -0.012892116 -0.035227291 0.998319268
1403637216188318976.000000 2.483276367 5.993013859 7.185722828 -0.035053842 -0.012852860 -0.034860138 0.998694539
1403637216238319104.000000 2.493893862 5.922955513 7.185415268 0.027563686 0.013501926 0.033499721 -0.998967290
1403637216288318976.000000 2.499382973 5.856022835 7.183638096 -0.021458475 -0.012085354 -0.031965028 0.999185622
1403637216338319104.000000 2.506882668 5.787815094 7.181475163 -0.017290860 -0.010444090 -0.031621516 0.999295771
1403637216388318976.000000 2.512614012 5.720715046 7.177885056 0.014057372 0.006820504 0.031108860 -0.999393880
1403637216438319104.000000 2.514750481 5.656062126 7.173541546 -0.011950551 -0.001861431 -0.031299960 0.999436915
1403637216488318976.000000 2.516647816 5.590597153 7.167333126 -0.010856199 0.001883343 -0.032123063 0.999423206
1403637216538319104.000000 2.516204834 5.527029991 7.160568714 0.010254938 -0.006362589 0.031910915 -0.999417901
1403637216588318976.000000 2.514163494 5.463894367 7.151610851 0.009161354 -0.008783322 0.029459238 -0.999485433
1403637216638319104.000000 2.511102438 5.401680470 7.140605927 0.008605122 -0.011785472 0.026999680 -0.999529004
1403637216688318976.000000 2.504152775 5.341478825 7.121750832 -0.008311699 0.016496878 -0.023644883 0.999549747
1403637216738319104.000000 2.498114586 5.281075478 7.105458260 -0.008670347 0.021833053 -0.021967063 0.999482751
1403637216788318976.000000 2.490859270 5.222430229 7.086424828 0.009773554 -0.026736256 0.021472268 -0.999364138
1403637216838319104.000000 2.484333992 5.164835930 7.064184189 0.011435814 -0.031150861 0.022539111 -0.999195158
1403637216888318976.000000 2.486185312 5.104989052 7.043845654 -0.013569862 0.034291185 -0.024138412 0.999028265
1403637216938319104.000000 2.481301069 5.049153805 7.013680458 -0.016001590 0.036288954 -0.026035884 0.998874009
1403637216988318976.000000 2.476755857 4.993355274 6.978197575 0.018018641 -0.035050966 0.026200576 -0.998879552
1403637217038319104.000000 2.471137524 4.938469887 6.938900948 0.018615574 -0.030464917 0.022854168 -0.999101162
1403637217088318976.000000 2.464621305 4.884394646 6.896365643 0.017958472 -0.024497243 0.015784249 -0.999413967
1403637217138319104.000000 2.456796408 4.831526279 6.851038933 0.017469672 -0.019473638 0.009070300 -0.999616683
1403637217188318976.000000 2.447222233 4.780201912 6.803453922 0.016522156 -0.016466292 0.001059409 -0.999727428
1403637217238319104.000000 2.429873943 4.734777927 6.752259254 -0.015486266 0.015307860 0.006442887 0.999742150
1403637217288318976.000000 2.415561199 4.688106537 6.701336384 -0.015649991 0.013509054 0.011239422 0.999723136
1403637217338319104.000000 2.398183823 4.643572807 6.648731709 0.015891133 -0.011737782 -0.015681338 -0.999681890
1403637217388318976.000000 2.378808498 4.601758003 6.594814777 0.016305661 -0.011184346 -0.019535288 -0.999613643
1403637217438319104.000000 2.357280016 4.562677860 6.539370060 0.017072141 -0.010448654 -0.022537459 -0.999545693
1403637217488318976.000000 2.333786488 4.526323795 6.482288837 0.017370522 -0.009972055 -0.024086706 -0.999509215
1403637217538319104.000000 2.309483767 4.492568493 6.423827648 0.016838158 -0.011454895 -0.022635227 -0.999536335
1403637217588318976.000000 2.285899639 4.464534760 6.361405373 -0.014886721 0.013405913 0.018587466 0.999626577
1403637217638319104.000000 2.259607792 4.436051846 6.299236298 -0.012479031 0.015834514 0.010801500 0.999738395
1403637217688318976.000000 2.232639313 4.409038544 6.235704899 0.009339422 -0.020153759 0.002346125 -0.999750614
1403637217738319104.000000 2.206381321 4.383529663 6.169949055 0.004457562 -0.023368044 0.017654996 -0.999561191
1403637217788318976.000000 2.180735826 4.358788967 6.100709438 -0.002837220 -0.026539911 0.032373697 -0.999119401
1403637217838319104.000000 2.156199932 4.336645126 6.024717331 0.013445204 0.024520252 -0.042865038 0.998689413
1403637217888318976.000000 2.131287813 4.311771393 5.949720383 0.024265505 0.023789449 -0.053230349 0.998003960
1403637217938319104.000000 2.107003927 4.287488461 5.871599197 -0.034683615 -0.020841969 0.059268303 -0.997421622
1403637217988318976.000000 2.083041191 4.262858391 5.790338516 -0.044764839 -0.017495388 0.063944861 -0.996795416
1403637218038319104.000000 2.059562922 4.238196850 5.706147671 -0.053948727 -0.014542542 0.066400684 -0.996227384
1403637218088318976.000000 2.038698196 4.213119507 5.616081238 0.062014714 0.009258426 -0.067127712 0.995772243
1403637218138319104.000000 2.014863014 4.188954353 5.527569294 0.068619475 0.006622259 -0.068776414 0.995247424
1403637218188318976.000000 1.989397287 4.165438175 5.437079430 -0.074025542 -0.003785020 0.069977015 -0.994791031
1403637218238319104.000000 1.961883187 4.142090321 5.346031189 -0.078017615 -0.001521704 0.071478888 -0.994385123
1403637218288318976.000000 1.932610273 4.118846416 5.254105568 -0.081519820 -0.000434937 0.072110824 -0.994059563
1403637218338319104.000000 1.901559114 4.096160412 5.161446095 -0.083176479 -0.000387766 0.074990556 -0.993709207
1403637218388318976.000000 1.874481440 4.070086956 5.065685272 0.084880538 -0.000004183 -0.074436769 0.993606806
1403637218438319104.000000 1.839808106 4.047964096 4.970089436 0.086101808 -0.000057140 -0.074198052 0.993519545
1403637218488318976.000000 1.805141687 4.025591373 4.872648716 -0.086453483 -0.000993205 0.074945688 -0.993432403
1403637218538319104.000000 1.769901156 4.003507614 4.773452759 -0.086599231 -0.000677244 0.075471215 -0.993380189
1403637218588318976.000000 1.741438508 3.978403807 4.673616409 0.085949846 0.000659057 -0.075900979 0.993403912
1403637218638319104.000000 1.708328724 3.955909967 4.572379112 0.085169956 -0.002220214 -0.075524375 0.993497491
1403637218688318976.000000 1.675973654 3.933430195 4.469480038 -0.083600834 0.004648466 0.077082820 -0.993502676
1403637218738319104.000000 1.643709898 3.910791397 4.364401340 -0.083125457 0.008880435 0.075072125 -0.993667722
1403637218788318976.000000 1.610338926 3.888263464 4.258238316 -0.082198970 0.010447577 0.073896959 -0.993817687
1403637218838319104.000000 1.577639461 3.866050005 4.153119087 0.079707108 -0.012416122 -0.077512272 0.993722618
1403637218888318976.000000 1.535773158 3.844124317 4.048128605 0.076906443 -0.014231679 -0.082033962 0.993555903
1403637218938319104.000000 1.490248084 3.821584463 3.943334341 -0.074837558 0.013894252 0.086071976 -0.993377090
1403637218988318976.000000 1.440450907 3.799067259 3.838702679 -0.072484568 0.014448415 0.090829164 -0.993120074
1403637219038319104.000000 1.403696179 3.768420696 3.741666794 0.070465952 -0.015085045 -0.094068393 0.992954314
1403637219088318976.000000 1.349901199 3.744127750 3.637104750 0.069578730 -0.015091128 -0.095582366 0.992872179
1403637219138319104.000000 1.297774792 3.717810154 3.532192945 -0.069189519 0.014604734 0.096214309 -0.992845535
1403637219188318976.000000 1.245187640 3.690619707 3.426103115 -0.068833657 0.015331540 0.096081600 -0.992872238
1403637219238319104.000000 1.207989573 3.655333996 3.326770544 0.068533361 -0.015871877 -0.094530277 0.993033469
1403637219288318976.000000 1.157650113 3.625265121 3.217043877 0.068522543 -0.017271403 -0.093244568 0.993132353
1403637219338319104.000000 1.109252691 3.593726635 3.105001211 -0.068710126 0.017786024 0.090801261 -0.993336737
1403637219388318976.000000 1.072128296 3.556306362 3.000888586 0.068190619 -0.020364329 -0.090094216 0.993387341
1403637219438319104.000000 1.025728464 3.522151232 2.887763023 0.068502471 -0.021999482 -0.088579044 0.993467271
1403637219488318976.000000 0.981684089 3.485345840 2.774474859 -0.068457052 0.030917024 0.086053602 -0.993454874
1403637219538319104.000000 0.948178411 3.445928097 2.668584347 0.067977659 -0.037887681 -0.084655561 0.993366539
1403637219588318976.000000 0.906642139 3.407944679 2.553701162 0.067603588 -0.046407856 -0.082854562 0.993182361
1403637219638319104.000000 0.868237436 3.368087769 2.441304445 -0.067245454 0.052842814 0.080971807 -0.993040442
1403637219688318976.000000 0.830665350 3.328033924 2.328557014 -0.066602699 0.058165316 0.080211475 -0.992847919
1403637219738319104.000000 0.805177510 3.286740780 2.225092888 0.066422038 -0.060754668 -0.079036035 0.992799222
1403637219788318976.000000 0.772447586 3.244666815 2.114524364 0.066038348 -0.063430645 -0.077822059 0.992753386
1403637219838319104.000000 0.743275702 3.201132774 2.007298231 -0.065384671 0.066118158 0.078548543 -0.992564082
1403637219888318976.000000 0.715666473 3.156841278 1.901399970 -0.065569066 0.069133013 0.077632546 -0.992418528
1403637219938319104.000000 0.691270828 3.111618996 1.797558546 -0.065638550 0.068820745 0.076969557 -0.992487252
1403637219988318976.000000 0.669729769 3.065448761 1.695179820 -0.065601647 0.068662092 0.076963060 -0.992501199
1403637220038319104.000000 0.651138008 3.018157482 1.594941616 -0.065780006 0.069526725 0.076559909 -0.992460430
1403637220088318976.000000 0.646091998 2.976201057 1.507703424 0.066021271 -0.070980504 -0.075634673 0.992412388
1403637220138319104.000000 0.633269012 2.927423239 1.411532521 0.065080076 -0.070784189 -0.077769287 0.992323577
1403637220188318976.000000 0.622705042 2.877105236 1.319173694 -0.066050671 0.071552567 0.075548626 -0.992375970
1403637220238319104.000000 0.613925278 2.826390028 1.227091193 -0.066576853 0.071071096 0.073256269 -0.992547274
1403637220288318976.000000 0.607690513 2.775076628 1.136484623 -0.067642003 0.069240779 0.068749182 -0.992926896
1403637220338319104.000000 0.604344010 2.723273039 1.047435760 -0.069007315 0.067285217 0.063775465 -0.993299305
1403637220388318976.000000 0.602929115 2.671564102 0.959265292 -0.070625260 0.064938806 0.057305586 -0.993735969
1403637220438319104.000000 0.601459026 2.620671511 0.872750640 -0.071450062 0.062252760 0.052781086 -0.994099438
1403637220488318976.000000 0.599441946 2.570594549 0.788329244 -0.071955502 0.060633026 0.049289566 -0.994342327
1403637220538319104.000000 0.596763492 2.521787882 0.705710530 -0.072730280 0.057600934 0.045696259 -0.994637787
1403637220588318976.000000 0.592158258 2.491884232 0.625485778 0.073722742 -0.055615786 -0.042386431 0.994824290
1403637220638319104.000000 0.587695003 2.445958138 0.546620369 0.073142581 -0.055416863 -0.043359704 0.994836211
1403637220688318976.000000 0.580938816 2.400364637 0.469335526 -0.072970048 0.056435794 0.042981554 -0.994808018
1403637220738319104.000000 0.574220300 2.355957747 0.393408149 -0.072185025 0.056553662 0.044263475 -0.994802356
1403637220788318976.000000 0.566733599 2.312562227 0.319390357 -0.071646892 0.057596460 0.044545956 -0.994768858
1403637220838319104.000000 0.558705270 2.270287514 0.247137472 -0.071476541 0.058540277 0.044653788 -0.994721174
1403637220888318976.000000 0.550130725 2.229535341 0.177096218 -0.070711792 0.059258677 0.045448303 -0.994697273
1403637220938319104.000000 0.540392816 2.190062046 0.108743414 -0.070304364 0.060465898 0.045289449 -0.994660795
1403637220988318976.000000 0.524356425 2.165512085 0.037322998 0.069583550 -0.061602499 -0.044903062 0.994659305
1403637221038319104.000000 0.512222350 2.129351854 -0.027607769 0.066583231 -0.064580671 -0.045445710 0.994651079
1403637221088318976.000000 0.499449432 2.094305754 -0.090449192 -0.062527366 0.065901019 0.044310573 -0.994878888
1403637221138319104.000000 0.485727131 2.060410738 -0.151024565 -0.057082824 0.068673268 0.043437272 -0.995057166
1403637221188318976.000000 0.471479565 2.027894735 -0.209551722 -0.050209433 0.070249356 0.042730309 -0.995348334
1403637221238319104.000000 0.456397206 1.996702433 -0.265952617 -0.042227246 0.071344927 0.041461825 -0.995694578
1403637221288318976.000000 0.433047056 1.972144365 -0.327385634 0.034246620 -0.071393222 -0.040308394 0.996044934
1403637221338319104.000000 0.416372687 1.942720056 -0.379133791 0.026865238 -0.071260110 -0.037634738 0.996385396
1403637221388318976.000000 0.398381114 1.914181590 -0.428938001 -0.020571848 0.071571961 0.035555229 -0.996589303
1403637221438319104.000000 0.380269140 1.885882258 -0.476483703 -0.015154710 0.069928080 0.033076059 -0.996888340
1403637221488318976.000000 0.361022353 1.858320713 -0.521771967 -0.010184100 0.070706040 0.031709045 -0.996941149
1403637221538319104.000000 0.341223896 1.831403255 -0.564959407 -0.006742561 0.071328454 0.028322525 -0.997027993
1403637221588318976.000000 0.321007669 1.805622101 -0.606254220 -0.002985035 0.071890898 0.027044049 -0.997041345
1403637221638319104.000000 0.300321430 1.780719042 -0.645339727 0.000498459 0.072092175 0.026410859 -0.997048199
1403637221688318976.000000 0.278766125 1.756413460 -0.682337701 0.003243308 0.073392145 0.024777217 -0.996990085
1403637221738319104.000000 0.243954167 1.738351703 -0.729834676 -0.005296290 -0.072851084 -0.023500027 0.997051895
1403637221788318976.000000 0.221550196 1.715726614 -0.762687504 -0.007209249 -0.072975852 -0.022003436 0.997064948
1403637221838319104.000000 0.199314401 1.694872975 -0.793512106 0.010103364 0.073712528 0.020463195 -0.997018397
1403637221888318976.000000 0.176634744 1.674948454 -0.821949542 0.013793422 0.074293077 0.017927906 -0.996979892
1403637221938319104.000000 0.153581008 1.656449080 -0.848410726 0.019204147 0.075005770 0.014438758 -0.996893644
1403637221988318976.000000 0.130465269 1.639382482 -0.872558117 0.026780942 0.074955836 0.012592496 -0.996747673
1403637222038319104.000000 0.096643269 1.625442743 -0.900916934 -0.035927869 -0.074175648 -0.009385346 0.996553659
1403637222088318976.000000 0.072527155 1.611168981 -0.921153724 -0.046701230 -0.074702568 -0.006280288 0.996091962
1403637222138319104.000000 0.048199583 1.598020673 -0.940734625 0.058002956 0.074256390 0.002508738 -0.995547831
1403637222188318976.000000 0.024101708 1.586133242 -0.958184481 0.070247456 0.073659204 -0.001170113 -0.994805634
1403637222238319104.000000 -0.004613921 1.576153278 -0.975087404 -0.081545554 -0.070105180 0.004527738 0.994190693
1403637222288318976.000000 -0.028374210 1.565981030 -0.988808513 -0.091749564 -0.066488698 0.005869272 0.993542552
1403637222338319104.000000 -0.052697450 1.557017684 -1.002541661 0.099992625 0.059924554 -0.008029203 -0.993149579
1403637222388318976.000000 -0.076697290 1.548581362 -1.014421105 0.107430235 0.053132694 -0.009908333 -0.992742419
1403637222438319104.000000 -0.106958188 1.540951729 -1.021592259 -0.113727182 -0.046520606 0.010974249 0.992361605
1403637222488318976.000000 -0.127123296 1.533430696 -1.032777786 -0.119125254 -0.041177787 0.010851852 0.991965652
1403637222538319104.000000 -0.146756843 1.526347160 -1.044861794 0.122963175 0.038050167 -0.012805363 -0.991598845
1403637222588318976.000000 -0.164094687 1.519397736 -1.057179570 0.126296774 0.036555421 -0.013722232 -0.991223812
1403637222638319104.000000 -0.179321781 1.512878656 -1.070134044 0.129334152 0.034682602 -0.013142273 -0.990907192
1403637222688318976.000000 -0.193051338 1.506705880 -1.083549023 0.131422922 0.035436332 -0.012527076 -0.990613699
1403637222738319104.000000 -0.212009117 1.499843717 -1.088369966 -0.132564351 -0.036575526 0.013559183 0.990406513
1403637222788318976.000000 -0.222050875 1.494089484 -1.102460265 -0.133519262 -0.040271401 0.013548446 0.990134954
1403637222838319104.000000 -0.230274588 1.488516808 -1.116221786 0.133702129 0.044807635 -0.014025026 -0.989908755
1403637222888318976.000000 -0.236086816 1.483169794 -1.130360484 0.133390576 0.050250560 -0.015015757 -0.989674926
1403637222938319104.000000 -0.239494860 1.478271723 -1.144185781 0.132806733 0.056556337 -0.015585749 -0.989404321
1403637222988318976.000000 -0.241852194 1.471283555 -1.149741888 -0.132695109 -0.061289873 0.015672784 0.989135981
1403637223038319104.000000 -0.241003931 1.467526317 -1.162196755 -0.131787464 -0.064867064 0.016180899 0.989021063
1403637223088318976.000000 -0.238580972 1.464035511 -1.173513532 0.130919084 0.067486465 -0.015918760 -0.988965273
1403637223138319104.000000 -0.233339325 1.461397290 -1.183931589 0.130141139 0.068365149 -0.015204601 -0.989018917
1403637223188318976.000000 -0.225574389 1.459347963 -1.193565726 0.129011884 0.068083771 -0.014622670 -0.989195049
1403637223238319104.000000 -0.215124190 1.458110809 -1.201714277 0.128159031 0.066280119 -0.013237702 -0.989447892
1403637223288318976.000000 -0.202024609 1.457384944 -1.208995819 0.127170518 0.062393636 -0.011261644 -0.989852488
1403637223338319104.000000 -0.186838016 1.457147598 -1.215290070 0.125812903 0.057541862 -0.009319436 -0.990339994
1403637223388318976.000000 -0.169984370 1.457461715 -1.220682144 0.124871455 0.053442683 -0.006854503 -0.990708888
1403637223438319104.000000 -0.153471008 1.460482836 -1.231391430 0.123218119 0.049292896 -0.005654417 -0.991138577
1403637223488318976.000000 -0.124883071 1.454840899 -1.224990606 -0.122638680 -0.046642981 0.003987104 0.991346717
1403637223538319104.000000 -0.103906244 1.455794215 -1.227764249 -0.121913716 -0.043861195 0.002518091 0.991567910
1403637223588318976.000000 -0.084602527 1.456436276 -1.230885983 0.121318243 0.041605573 -0.001621097 -0.991740048
1403637223638319104.000000 -0.066329747 1.457533121 -1.232864857 0.120957263 0.039819781 -0.000661389 -0.991858542
1403637223688318976.000000 -0.049795479 1.458786726 -1.234137774 0.120514065 0.038790461 -0.000246275 -0.991953492
1403637223738319104.000000 -0.035095252 1.460228682 -1.234856606 0.120367453 0.038508654 0.000795633 -0.991981983
1403637223788318976.000000 -0.021821797 1.461460233 -1.234853029 0.119986773 0.037377588 0.000782267 -0.992071390
1403637223838319104.000000 -0.010128811 1.462660432 -1.234031081 0.119860664 0.036757350 0.001247372 -0.992109239
1403637223888318976.000000 0.000142321 1.463926196 -1.232663155 0.119938992 0.035803504 0.001947375 -0.992133558
1403637223938319104.000000 0.008609315 1.465299010 -1.230566740 0.120281175 0.035594080 0.003387957 -0.992095768
1403637223988318976.000000 0.020437118 1.460703969 -1.227000237 -0.120441943 -0.035248239 -0.002958759 0.992089987
1403637224038319104.000000 0.025503077 1.461281657 -1.224718213 -0.120621108 -0.034781586 -0.002825454 0.992085099
1403637224088318976.000000 0.028419150 1.463305235 -1.221575260 0.120553680 0.035027958 0.002805726 -0.992084682
1403637224138319104.000000 0.030292995 1.464463472 -1.218093276 0.121051200 0.034461316 0.003958318 -0.992040038
1403637224188318976.000000 0.030346937 1.465391517 -1.214106202 0.121085495 0.034201540 0.003946756 -0.992044866
1403637224238319104.000000 0.028919062 1.466030478 -1.209658742 0.121506728 0.033713054 0.004981642 -0.992005467
1403637224288318976.000000 0.026014335 1.466539621 -1.205127358 0.121700294 0.032769509 0.005454075 -0.992010832
1403637224338319104.000000 0.021804230 1.466553807 -1.200565577 0.121588796 0.032236177 0.005245032 -0.992043138
1403637224388318976.000000 0.016323403 1.466277599 -1.195684671 0.121841699 0.032442104 0.006012754 -0.992000997
1403637224438319104.000000 0.009638425 1.465782762 -1.190785050 0.122517474 0.032379132 0.007209801 -0.991911829
1403637224488318976.000000 0.004538830 1.462794304 -1.180600405 -0.122910857 -0.032278281 -0.008048364 0.991860032
1403637224538319104.000000 -0.004750203 1.461999059 -1.174874306 -0.123214103 -0.031502809 -0.008792439 0.991841018
1403637224588318976.000000 -0.014909536 1.460168600 -1.169785261 0.123035900 0.031115331 0.007883031 -0.991883039
1403637224638319104.000000 -0.024017602 1.457922459 -1.164988637 0.122097306 0.030395970 0.005394099 -0.992037892
1403637224688318976.000000 -0.031550933 1.455159068 -1.160883069 0.120613284 0.029264223 0.000925700 -0.992267728
1403637224738319104.000000 -0.038749501 1.452373505 -1.157692432 0.119224951 0.030206660 -0.003684882 -0.992400825
1403637224788318976.000000 -0.045944240 1.450799704 -1.160100818 0.118668690 0.030542284 -0.005316379 -0.992449880
1403637224838319104.000000 -0.048513390 1.447611332 -1.155015230 0.119081639 0.031068135 -0.005025299 -0.992385566
1403637224888318976.000000 -0.051399413 1.445887685 -1.155187964 0.119869731 0.029986652 -0.002404032 -0.992333829
1403637224938319104.000000 -0.055023097 1.444472551 -1.155194998 0.121155776 0.029629361 0.001026536 -0.992190659
1403637224988318976.000000 -0.057098359 1.443211675 -1.141369581 -0.121978618 -0.029461727 -0.003413126 0.992089510
1403637225038319104.000000 -0.063465886 1.441708207 -1.140817881 -0.122313708 -0.029517027 -0.004739686 0.992041230
1403637225088318976.000000 -0.073046707 1.439046264 -1.141128898 0.122956261 0.029666295 0.006551500 -0.991946995
1403637225138319104.000000 -0.082536139 1.436493397 -1.140842319 0.123073183 0.028253080 0.007854037 -0.991964340
1403637225188318976.000000 -0.093725182 1.433696151 -1.140521646 0.122981332 0.027792580 0.008187866 -0.991985977
1403637225238319104.000000 -0.106126174 1.430639744 -1.139866710 0.122679085 0.027128061 0.008960768 -0.992035151
1403637225288318976.000000 -0.119074352 1.427131176 -1.139078617 0.121867076 0.027080173 0.008236232 -0.992142797
1403637225338319104.000000 -0.131149396 1.423159122 -1.138692379 0.121768549 0.026091196 0.009120012 -0.992173672
1403637225388318976.000000 -0.142730951 1.417156100 -1.125222087 -0.121551849 -0.025309192 -0.009601298 0.992215872
1403637225438319104.000000 -0.151169211 1.412249327 -1.126739383 -0.120946750 -0.024010073 -0.010127726 0.992316902
1403637225488318976.000000 -0.158765092 1.405500412 -1.130079389 0.120705649 0.023428142 0.010467635 -0.992356658
1403637225538319104.000000 -0.164123535 1.398410678 -1.134451151 0.120371938 0.023845425 0.011311528 -0.992377937
1403637225588318976.000000 -0.167911246 1.390756607 -1.139707685 0.119762354 0.025282530 0.011233411 -0.992417037
1403637225638319104.000000 -0.169785291 1.382455707 -1.145941496 0.119632021 0.027208243 0.011897197 -0.992374122
1403637225688318976.000000 -0.169731632 1.373544812 -1.152297139 0.119241387 0.031256028 0.010796081 -0.992314517
1403637225738319104.000000 -0.168086410 1.364545703 -1.159361005 0.119235158 0.033425167 0.011482012 -0.992236853
1403637225788318976.000000 -0.164539367 1.354826927 -1.165955067 0.119193457 0.037350625 0.011252935 -0.992104471
1403637225838319104.000000 -0.158756882 1.344294310 -1.172670126 0.118889920 0.040774994 0.010051480 -0.992018938
1403637225888318976.000000 -0.159096062 1.328657746 -1.174474716 -0.118965842 -0.043180708 -0.009696550 0.991911590
1403637225938319104.000000 -0.148354739 1.316456795 -1.181212068 -0.118421718 -0.040830810 -0.009983812 0.992073357
1403637225988318976.000000 -0.134994239 1.304429650 -1.187974095 0.118301183 0.037001304 0.010352487 -0.992234170
1403637226038319104.000000 -0.120034553 1.291605353 -1.194394588 0.117816664 0.032622371 0.010603147 -0.992442727
1403637226088318976.000000 -0.105556436 1.278704643 -1.200697780 0.117679670 0.029880427 0.011046058 -0.992540538
1403637226138319104.000000 -0.087649763 1.268361449 -1.206905246 0.117348634 0.026691923 0.011375969 -0.992666900
1403637226188318976.000000 -0.090300709 1.246163845 -1.218949676 -0.117664784 -0.025123470 -0.011279513 0.992671490
1403637226238319104.000000 -0.081385396 1.231913567 -1.224856377 -0.117602147 -0.023965759 -0.011534438 0.992704630
1403637226288318976.000000 -0.074679613 1.217413664 -1.231300592 0.117981113 0.025093427 0.012214994 -0.992623627
1403637226338319104.000000 -0.069610842 1.202757597 -1.237507224 0.118160740 0.028950958 0.012216290 -0.992497265
1403637226388318976.000000 -0.067611344 1.185757995 -1.246264577 -0.118540056 -0.033933315 -0.012569007 0.992289722
1403637226438319104.000000 -0.065421551 1.170172334 -1.252119780 -0.118910015 -0.041221295 -0.012244175 0.991973460
1403637226488318976.000000 -0.064833015 1.154188633 -1.257849574 0.118831277 0.046855126 0.011255389 -0.991744518
1403637226538319104.000000 -0.064583279 1.137960196 -1.262892962 0.119033277 0.050811589 0.011662985 -0.991520703
1403637226588318976.000000 -0.064955205 1.121413827 -1.266829371 0.119401008 0.054509673 0.012487802 -0.991270006
1403637226638319104.000000 -0.065289505 1.101383328 -1.277621865 -0.119395941 -0.056164585 -0.012485614 0.991178274
1403637226688318976.000000 -0.067534670 1.084130049 -1.279340267 -0.119341381 -0.057142574 -0.011858868 0.991136670
1403637226738319104.000000 -0.071706697 1.066560864 -1.280286193 0.118864290 0.058001891 0.010663796 -0.991157651
1403637226788318976.000000 -0.076368026 1.049023628 -1.279592752 0.118261620 0.058352184 0.010042465 -0.991215646
1403637226838319104.000000 -0.081940867 1.031466126 -1.277704358 0.118273139 0.057832621 0.010029283 -0.991244853
1403637226888318976.000000 -0.088239357 1.013517499 -1.274319410 0.117680892 0.057237010 0.007617463 -0.991371393
1403637226938319104.000000 -0.087568738 0.993713140 -1.279283285 -0.116782643 -0.056126233 -0.003716682 0.991563380
1403637226988318976.000000 -0.094159976 0.975637615 -1.273149848 -0.115548611 -0.053804129 0.001203401 0.991842866
1403637227038319104.000000 -0.100594290 0.958009720 -1.265523911 0.113328673 0.050878048 -0.008912672 -0.992214024
1403637227088318976.000000 -0.106579728 0.940995991 -1.257640839 0.111402392 0.047658961 -0.016408889 -0.992496371
1403637227138319104.000000 -0.110907301 0.924974024 -1.249502659 0.109796137 0.044432063 -0.023416547 -0.992684424
1403637227188318976.000000 -0.113422111 0.910223901 -1.241589427 0.109605961 0.043117248 -0.025697237 -0.992707014
1403637227238319104.000000 -0.113625273 0.896793664 -1.234209061 0.109944984 0.041810155 -0.026425518 -0.992706239
1403637227288318976.000000 -0.111591406 0.884683907 -1.227970243 0.112031475 0.041675717 -0.021878183 -0.992589295
1403637227338319104.000000 -0.107321501 0.873827159 -1.222447515 0.114080101 0.042498305 -0.017669562 -0.992404938
1403637227388318976.000000 -0.102089398 0.864051878 -1.216934323 0.116276249 0.042763058 -0.013672674 -0.992201746
1403637227438319104.000000 -0.088262662 0.857156694 -1.227838516 -0.117729023 -0.045094948 0.009999012 0.991971016
1403637227488318976.000000 -0.084436402 0.849014938 -1.221702576 -0.118828349 -0.045832928 0.008464691 0.991820395
1403637227538319104.000000 -0.083152667 0.841737032 -1.214147568 0.119879574 0.046258479 -0.008356399 -0.991675019
1403637227588318976.000000 -0.082968459 0.834913015 -1.206595540 0.120172560 0.047098499 -0.009851815 -0.991586268
1403637227638319104.000000 -0.083858937 0.828630269 -1.198325872 0.119608626 0.046516690 -0.013386732 -0.991640449
1403637227688318976.000000 -0.085972719 0.823153675 -1.189291120 0.119496807 0.047217026 -0.015904984 -0.991583705
1403637227738319104.000000 -0.088196285 0.818290293 -1.179754257 0.118982412 0.046856552 -0.018489180 -0.991617799
1403637227788318976.000000 -0.090475515 0.814194739 -1.170065880 0.118549377 0.046723157 -0.021194916 -0.991621792
1403637227838319104.000000 -0.093124829 0.811487734 -1.160395503 0.119824223 0.046237383 -0.019059889 -0.991534710
1403637227888318976.000000 -0.095876187 0.809955835 -1.150696039 0.120272458 0.042010590 -0.017043343 -0.991705179
1403637227938319104.000000 -0.093954571 0.811681628 -1.147625685 -0.121543862 -0.037365723 0.011977962 0.991810203
1403637227988318976.000000 -0.097935505 0.811827183 -1.138073921 -0.122443251 -0.032962371 0.007832863 0.991897106
1403637228038319104.000000 -0.103934035 0.811997414 -1.127628565 0.123544350 0.028221361 -0.002863545 -0.991933584
1403637228088318976.000000 -0.110351205 0.812054336 -1.118033648 0.123694204 0.025935195 -0.000603679 -0.991981208
1403637228138319104.000000 -0.116870165 0.812014997 -1.109031081 0.123006590 0.022485100 0.000134149 -0.992151141
1403637228188318976.000000 -0.123315714 0.811839640 -1.100822449 0.122609265 0.021143049 0.001393804 -0.992228866
1403637228238319104.000000 -0.128462628 0.811155915 -1.093856812 0.121708535 0.018961675 0.001721425 -0.992383301
1403637228288318976.000000 -0.131767243 0.810158074 -1.088271260 0.121537074 0.018476967 0.003094308 -0.992410123
1403637228338319104.000000 -0.133648768 0.808748305 -1.084121227 0.120804429 0.017174408 0.002578450 -0.992524385
1403637228388318976.000000 -0.133999601 0.807230711 -1.081314325 0.121121094 0.017968420 0.005349129 -0.992460728
1403637228438319104.000000 -0.133773237 0.804211617 -1.078206062 -0.120868273 -0.017258603 -0.006172895 0.992499352
1403637228488318976.000000 -0.131578088 0.801002026 -1.078030586 -0.121319644 -0.016641188 -0.008410788 0.992438376
1403637228538319104.000000 -0.128358677 0.797205865 -1.079042673 0.121349350 0.015975472 0.010573637 -0.992425025
1403637228588318976.000000 -0.123820804 0.792645276 -1.081637740 0.121867739 0.015488613 0.012967087 -0.992340803
1403637228638319104.000000 -0.117880970 0.787211597 -1.085163593 0.121884361 0.015857423 0.014314499 -0.992314398
1403637228688318976.000000 -0.111739106 0.780884385 -1.089981794 0.121892199 0.019183800 0.013590963 -0.992264926
1403637228738319104.000000 -0.106578328 0.773524523 -1.095570087 0.121503174 0.023473598 0.011252808 -0.992249668
1403637228788318976.000000 -0.102432765 0.765442371 -1.101497293 0.120409973 0.027894624 0.007215384 -0.992306054
1403637228838319104.000000 -0.099538550 0.757200062 -1.107277513 0.119689137 0.032264888 0.003499737 -0.992280900
1403637228888318976.000000 -0.097676858 0.748783946 -1.113075376 0.118933402 0.035181172 -0.000077116 -0.992278814
1403637228938319104.000000 -0.097973652 0.739858031 -1.114780307 -0.119369209 -0.035749868 0.000060680 0.992206097
1403637228988318976.000000 -0.097853102 0.731836855 -1.120208025 -0.120698571 -0.035187215 -0.002953595 0.992061019
1403637229038319104.000000 -0.097827926 0.723620355 -1.125755310 0.121675216 0.034055099 0.005751620 -0.991968930
1403637229088318976.000000 -0.098911308 0.715219736 -1.131147623 0.122360513 0.030865144 0.008102496 -0.991972625
1403637229138319104.000000 -0.100820705 0.706531048 -1.136663556 0.123049885 0.027757576 0.010319823 -0.991958559
1403637229188318976.000000 -0.104309365 0.697622359 -1.142234325 0.123725109 0.026215427 0.012735487 -0.991888463
1403637229238319104.000000 -0.109265365 0.688046753 -1.147666693 0.124401301 0.025300512 0.013683040 -0.991815031
1403637229288318976.000000 -0.114271738 0.679287493 -1.157673478 0.126018152 0.025442125 0.014099634 -0.991601467
1403637229338319104.000000 -0.122414060 0.669010401 -1.163193822 0.129059181 0.026369968 0.013506623 -0.991194248
1403637229388318976.000000 -0.133466169 0.657552123 -1.163936377 0.133100793 0.029272422 0.008366080 -0.990634859
1403637229438319104.000000 -0.149181366 0.645606458 -1.160044789 -0.138173282 -0.034448247 0.000193953 0.989808857
1403637229488318976.000000 -0.162016660 0.635120690 -1.166265488 -0.144224256 -0.039754387 0.012073512 0.988672435
1403637229538319104.000000 -0.174095899 0.623850703 -1.173784256 0.151535869 0.044216454 -0.025384853 -0.987136006
1403637229588318976.000000 -0.186948270 0.614382386 -1.180257082 0.160714537 0.048115645 -0.038106196 -0.985090733
1403637229638319104.000000 -0.199733391 0.606779754 -1.186290264 0.171544954 0.050675493 -0.050511714 -0.982574701
1403637229688318976.000000 -0.213724092 0.602375925 -1.188031316 -0.183775917 -0.052327283 0.061338365 0.979656041
1403637229738319104.000000 -0.226311654 0.599433899 -1.193206549 -0.198083088 -0.052905139 0.067661665 0.976414919
1403637229788318976.000000 -0.238270789 0.598570764 -1.196824670 0.215408549 0.051071357 -0.066197135 -0.972938299
1403637229838319104.000000 -0.249810249 0.599971175 -1.200018167 0.233381361 0.046914618 -0.063071474 -0.969202876
1403637229888318976.000000 -0.263963878 0.600697935 -1.201903820 -0.251645058 -0.042144660 0.058636017 0.965121984
1403637229938319104.000000 -0.275490969 0.604597449 -1.203858972 -0.269354701 -0.037972506 0.055650879 0.960681617
1403637229988318976.000000 -0.287600100 0.608570933 -1.204465866 -0.286310017 -0.033047419 0.054084599 0.956038356
1403637230038319104.000000 -0.300023913 0.612985849 -1.204960704 -0.302024990 -0.032194555 0.055721924 0.951125383
1403637230088318976.000000 -0.311877042 0.616406202 -1.205381632 0.315641433 0.032857902 -0.062030736 -0.946278572
1403637230138319104.000000 -0.323016077 0.617584407 -1.207984328 -0.328029841 -0.035564151 0.069948003 0.941402674
1403637230188318976.000000 -0.332487881 0.620791435 -1.208479047 -0.339630485 -0.037942320 0.076221623 0.936697304
1403637230238319104.000000 -0.339932501 0.622126877 -1.209564686 -0.349723101 -0.039702207 0.080452479 0.932547510
1403637230288318976.000000 -0.344194531 0.625608981 -1.208999276 -0.358349562 -0.041585546 0.082446650 0.929009557
1403637230338319104.000000 -0.346420020 0.629240990 -1.208052874 0.365301400 0.041509926 -0.083060719 -0.926246583
1403637230388318976.000000 -0.345900476 0.630343676 -1.207714319 -0.370585352 -0.038617726 0.084102057 0.924176455
1403637230438319104.000000 -0.342889935 0.634479880 -1.205192924 -0.375650048 -0.033547521 0.082332365 0.922487378
1403637230488318976.000000 -0.337690771 0.636684477 -1.204007864 -0.379439324 -0.027387591 0.079662748 0.921373785
1403637230538319104.000000 -0.330937743 0.640429974 -1.201062799 -0.382906586 -0.020991297 0.077691212 0.920274973
1403637230588318976.000000 -0.322252303 0.643419981 -1.198718429 0.387543499 0.014284984 -0.075363412 -0.918654680
1403637230638319104.000000 -0.312231392 0.645907283 -1.196974754 0.392649591 0.007869285 -0.077208869 -0.916407764
1403637230688318976.000000 -0.301932693 0.647465527 -1.196099520 0.398750782 0.003985088 -0.079819329 -0.913570404
1403637230738319104.000000 -0.291302085 0.648204625 -1.196079850 0.405404657 0.003050250 -0.085956305 -0.910082042
1403637230788318976.000000 -0.284446478 0.637342453 -1.195399642 -0.413138688 -0.005208330 0.093768291 0.905812860
1403637230838319104.000000 -0.273773551 0.636775672 -1.197262526 -0.421019673 -0.009962756 0.104970068 0.900902092
1403637230888318976.000000 -0.263637513 0.635835469 -1.201141715 -0.430874914 -0.015219375 0.114953615 0.894930661
1403637230938319104.000000 -0.255755574 0.636250198 -1.204053998 -0.441627026 -0.019729871 0.125355929 0.888179123
1403637230988318976.000000 -0.248815835 0.636775613 -1.209497213 -0.453895539 -0.023342248 0.133973822 0.880616307
1403637231038319104.000000 -0.243807152 0.638863504 -1.213631511 -0.467591852 -0.026145343 0.141577691 0.872141063
1403637231088318976.000000 -0.240330651 0.642144859 -1.217613697 -0.481997102 -0.026286624 0.149188459 0.862977743
1403637231138319104.000000 -0.240560383 0.646739781 -1.221222520 -0.497517645 -0.026543483 0.155667573 0.852959096
1403637231188318976.000000 -0.243682206 0.653665006 -1.224557161 -0.512973845 -0.024083603 0.164033443 0.842241645
1403637231238319104.000000 -0.251380026 0.661792159 -1.227066159 -0.529482365 -0.021380657 0.171194255 0.830592513
1403637231288318976.000000 -0.263105065 0.671159327 -1.229632378 0.545891106 0.018609354 -0.178643465 -0.818378389
1403637231338319104.000000 -0.278421819 0.682016075 -1.231684685 0.563016593 0.014567859 -0.185293898 -0.805274069
1403637231388318976.000000 -0.297134161 0.694108844 -1.233650684 0.580802858 0.009822396 -0.190489635 -0.791381955
1403637231438319104.000000 -0.318537742 0.709605217 -1.234353185 -0.598183751 -0.004776142 0.196538538 0.776869416
1403637231488318976.000000 -0.345820278 0.723951340 -1.235678077 -0.614581108 -0.000159316 0.205539182 0.761606097
1403637231538319104.000000 -0.376906842 0.739314675 -1.237547755 0.630847931 -0.003379254 -0.215255439 -0.745442510
1403637231588318976.000000 -0.411686838 0.755434871 -1.239717960 0.646526158 -0.005600030 -0.224952877 -0.728950441
1403637231638319104.000000 -0.448402345 0.772266507 -1.243277907 0.662740409 -0.006559168 -0.231329590 -0.712192893
1403637231688318976.000000 -0.484559208 0.790176749 -1.248760939 0.679021895 -0.006843683 -0.235811532 -0.695180178
1403637231738319104.000000 -0.519137383 0.809264183 -1.255886078 0.693654299 -0.009608216 -0.240446731 -0.678923309
1403637231788318976.000000 -0.552026272 0.829965472 -1.265168190 0.707816064 -0.012110455 -0.243798167 -0.662881792
1403637231838319104.000000 -0.583733618 0.851530790 -1.276164889 0.720229268 -0.013438351 -0.248224169 -0.647668064
1403637231888318976.000000 -0.613290370 0.873864889 -1.289300323 0.731234550 -0.013548927 -0.253426999 -0.633156657
1403637231938319104.000000 -0.641193330 0.899250984 -1.300241113 0.740987360 -0.015763991 -0.258759558 -0.619461715
1403637231988318976.000000 -0.666252851 0.923674226 -1.317723036 0.750479460 -0.017859358 -0.262584180 -0.606226981
1403637232038319104.000000 -0.687299550 0.950698256 -1.338841200 0.760680735 -0.025326623 -0.262042195 -0.593344152
1403637232088318976.000000 -0.705892205 0.978496194 -1.362959623 0.770900369 -0.034357063 -0.260132074 -0.580399454
1403637232138319104.000000 -0.723408759 1.005592823 -1.389320135 0.780681431 -0.042489987 -0.258155733 -0.567526877
1403637232188318976.000000 -0.739942968 1.030980587 -1.417529821 0.789429247 -0.050039649 -0.257425457 -0.555004358
1403637232238319104.000000 -0.755235016 1.055333734 -1.448047400 0.797666192 -0.052934241 -0.257206917 -0.542928457
1403637232288318976.000000 -0.769166112 1.078670263 -1.480938196 0.805782199 -0.053877741 -0.256638110 -0.530988932
1403637232338319104.000000 -0.781952143 1.100089788 -1.515590549 0.814158618 -0.054137982 -0.254635811 -0.519013941
1403637232388318976.000000 -0.793425322 1.120202184 -1.551991463 0.822764695 -0.052962530 -0.251819462 -0.506794035
1403637232438319104.000000 -0.815037429 1.129925847 -1.577324510 0.830580115 -0.053584017 -0.250340372 -0.494565696
1403637232488318976.000000 -0.826013565 1.146522164 -1.615461707 0.837196767 -0.055537961 -0.252156526 -0.482114315
1403637232538319104.000000 -0.836863697 1.161979675 -1.653778076 0.841242790 -0.059949934 -0.261065066 -0.469640017
1403637232588318976.000000 -0.846687257 1.175634980 -1.693455338 0.845051408 -0.062751755 -0.270772457 -0.456763297
1403637232638319104.000000 -0.855611682 1.187735319 -1.735336542 0.848549604 -0.065696776 -0.281095415 -0.443433076
1403637232688318976.000000 -0.863653421 1.198050141 -1.779089570 0.852156520 -0.068844527 -0.290136307 -0.430012405
1403637232738319104.000000 -0.871615648 1.206474423 -1.824883699 0.855223358 -0.070385098 -0.299845040 -0.416811645
1403637232788318976.000000 -0.880753934 1.215730309 -1.872441053 0.858156264 -0.072516143 -0.308490366 -0.403909624
1403637232838319104.000000 -0.887006819 1.221015215 -1.923854589 0.860582650 -0.070296638 -0.316286981 -0.392961174
1403637232888318976.000000 -0.892182410 1.224576592 -1.977753520 0.862826884 -0.065850891 -0.322608769 -0.383558422
1403637232938319104.000000 -0.896981776 1.227986455 -2.035577297 0.864324689 -0.060793962 -0.328793049 -0.375688910
1403637232988318976.000000 -0.900982499 1.231056571 -2.096923590 0.866078258 -0.055237807 -0.332132906 -0.369520098
1403637233038319104.000000 -0.904582500 1.234030843 -2.161452293 0.867226183 -0.049248338 -0.335404366 -0.364688069
1403637233088318976.000000 -0.907692194 1.237492204 -2.229374886 0.868106186 -0.043309029 -0.337925524 -0.361001998
1403637233138319104.000000 -0.911612928 1.241898060 -2.299980402 0.868373334 -0.037763778 -0.340542734 -0.358514190
1403637233188318976.000000 -0.917423010 1.247144938 -2.372924328 0.867568731 -0.032244816 -0.344655633 -0.357067674
1403637233238319104.000000 -0.931468010 1.261449456 -2.450732470 0.866892636 -0.028484551 -0.347514689 -0.356257439
1403637233288318976.000000 -0.940943003 1.269722939 -2.528673410 0.865777433 -0.023932448 -0.350663781 -0.356218606
1403637233338319104.000000 -0.952061534 1.280285954 -2.608510494 0.864250541 -0.020835645 -0.354032218 -0.356788635
1403637233388318976.000000 -0.965935230 1.292722106 -2.691146374 0.862460256 -0.017604312 -0.357615829 -0.357719690
1403637233438319104.000000 -0.983438730 1.307621360 -2.776277304 0.861335158 -0.013060687 -0.359410971 -0.358824462
1403637233488318976.000000 -1.011672854 1.325807571 -2.867079735 0.862047553 -0.004799671 -0.356246799 -0.360470891
1403637233538319104.000000 -1.035009980 1.345310330 -2.956712246 0.865051806 0.007421965 -0.346863955 -0.362375170
1403637233588318976.000000 -1.061048985 1.367202044 -3.049148560 0.870361388 0.022304729 -0.330479562 -0.364358276
1403637233638319104.000000 -1.089995146 1.392602205 -3.141438961 0.876484156 0.036983553 -0.310306519 -0.366220862
1403637233688318976.000000 -1.121692419 1.422105789 -3.233573198 0.882105052 0.049464174 -0.290521115 -0.367480040
1403637233738319104.000000 -1.154839993 1.455767393 -3.324480772 0.886747003 0.060647469 -0.272289425 -0.368591994
1403637233788318976.000000 -1.188513637 1.493615627 -3.413213730 0.890718579 0.069861829 -0.256102473 -0.368986994
1403637233838319104.000000 -1.232366800 1.533543348 -3.495155811 0.893502355 0.076382488 -0.244001135 -0.369165003
1403637233888318976.000000 -1.266601324 1.579962492 -3.577107906 0.895431101 0.081660397 -0.235181943 -0.369085580
1403637233938319104.000000 -1.301594019 1.630858898 -3.655556202 0.896584213 0.086037412 -0.229512349 -0.368861198
1403637233988318976.000000 -1.335606694 1.686244726 -3.729078293 0.897268176 0.090302631 -0.225632176 -0.368572176
1403637234038319104.000000 -1.371642351 1.744820595 -3.793762207 0.898428500 0.095279410 -0.219643310 -0.368110090
1403637234088318976.000000 -1.403646946 1.808718443 -3.857755184 0.899633169 0.099215478 -0.213179484 -0.367927939
1403637234138319104.000000 -1.436050415 1.876459599 -3.914970160 0.901115239 0.104744263 -0.205829248 -0.366952658
1403637234188318976.000000 -1.466793418 1.948688507 -3.966781139 0.902441561 0.108844891 -0.199642211 -0.365916610
1403637234238319104.000000 -1.493823528 2.017617702 -4.008755684 0.903498113 0.109041221 -0.196141705 -0.365143299
1403637234288318976.000000 -1.522709250 2.098614931 -4.047981262 0.904647648 0.105790570 -0.193687901 -0.364562780
1403637234338319104.000000 -1.550927162 2.184342384 -4.081188202 0.905522823 0.099503413 -0.192686498 -0.364690959
1403637234388318976.000000 -1.577844501 2.274117947 -4.108240128 0.905837119 0.090293020 -0.193730548 -0.365752429
1403637234438319104.000000 -1.603173852 2.365264177 -4.127264023 0.905315042 0.078350358 -0.195363179 -0.368916333
1403637234488318976.000000 -1.627272844 2.462227821 -4.142767429 0.904227436 0.068355963 -0.195930123 -0.373244703
1403637234538319104.000000 -1.650337458 2.561605692 -4.151843071 0.902734280 0.056467369 -0.195480734 -0.379037738
1403637234588318976.000000 -1.667112589 2.654745579 -4.153949261 0.900371075 0.045089819 -0.196370438 -0.385665208
1403637234638319104.000000 -1.689648390 2.757505417 -4.153479099 0.897672951 0.035144471 -0.196012482 -0.393099666
1403637234688318976.000000 -1.712219715 2.860544920 -4.148560524 0.894483328 0.026783956 -0.195270628 -0.401312381
1403637234738319104.000000 -1.733511448 2.961473703 -4.138983727 0.890390396 0.017597551 -0.196362182 -0.410289168
1403637234788318976.000000 -1.756396174 3.065097332 -4.125524521 0.885646284 0.008074369 -0.197826266 -0.420036018
1403637234838319104.000000 -1.778448582 3.167194366 -4.108636856 0.880685031 -0.000248617 -0.198966265 -0.429891080
1403637234888318976.000000 -1.792086124 3.260710478 -4.085513115 0.874657333 -0.009884400 -0.202522367 -0.440297127
1403637234938319104.000000 -1.811044097 3.360733509 -4.063083172 0.868596554 -0.018145328 -0.203797743 -0.451306283
1403637234988318976.000000 -1.828056097 3.458106518 -4.038909912 0.862836838 -0.022679495 -0.204429239 -0.461743444
1403637235038319104.000000 -1.839161158 3.550566435 -4.013110638 0.857770681 -0.023317240 -0.202452943 -0.471909553
1403637235088318976.000000 -1.851974964 3.643946648 -3.986298084 0.852478147 -0.022627644 -0.200108290 -0.482416600
1403637235138319104.000000 -1.862256765 3.734811783 -3.957742929 0.846911788 -0.021075934 -0.197860733 -0.493099809
1403637235188318976.000000 -1.863497138 3.820026875 -3.922899008 0.841521919 -0.019892963 -0.195011243 -0.503404319
1403637235238319104.000000 -1.869216204 3.906561375 -3.891840458 0.836185753 -0.018821103 -0.193223000 -0.512936711
1403637235288318976.000000 -1.871644497 3.989485025 -3.859328747 0.831180036 -0.015613962 -0.193446651 -0.521032095
1403637235338319104.000000 -1.872343659 4.067948341 -3.822854996 0.826573730 -0.010803818 -0.195386663 -0.527715087
1403637235388318976.000000 -1.873174548 4.148078918 -3.788162231 0.821396828 -0.006002487 -0.202627003 -0.533116877
1403637235438319104.000000 -1.871429563 4.225455284 -3.752301931 0.816078067 -0.001825312 -0.210162148 -0.538372755
1403637235488318976.000000 -1.868702292 4.302247047 -3.715651751 0.810485184 0.002996161 -0.217292368 -0.543956697
1403637235538319104.000000 -1.860996962 4.377308846 -3.671886206 0.805041671 0.006144220 -0.223445177 -0.549492896
1403637235588318976.000000 -1.853778839 4.453577042 -3.634790659 0.800589621 0.010752141 -0.225219503 -0.555172861
1403637235638319104.000000 -1.844571710 4.528663158 -3.596321583 0.796148360 0.012469899 -0.225646794 -0.561316252
1403637235688318976.000000 -1.832639694 4.603610039 -3.558169603 0.792340100 0.013086785 -0.222952187 -0.567730784
1403637235738319104.000000 -1.816557050 4.678433418 -3.516876698 0.789459527 0.012710345 -0.215976089 -0.574409723
1403637235788318976.000000 -1.799575567 4.754143715 -3.478704929 0.787392378 0.014777487 -0.205043375 -0.581164479
1403637235838319104.000000 -1.779434681 4.828935623 -3.439436913 0.786074162 0.017513268 -0.189605892 -0.588073492
1403637235888318976.000000 -1.755513787 4.910043240 -3.401477098 0.783372819 0.021323567 -0.177727789 -0.595218658
1403637235938319104.000000 -1.731374979 4.983322144 -3.357677221 0.780701578 0.027846498 -0.164449826 -0.602234125
1403637235988318976.000000 -1.705495358 5.055847168 -3.310622215 0.775994778 0.032366671 -0.157526582 -0.609893441
1403637236038319104.000000 -1.674477458 5.128876686 -3.261775970 0.771172762 0.037721574 -0.148992538 -0.617795229
1403637236088318976.000000 -1.643612504 5.199201584 -3.208068132 0.765430391 0.040947564 -0.144323602 -0.625787795
1403637236138319104.000000 -1.610216022 5.267612457 -3.150530338 0.759517789 0.044419207 -0.138992041 -0.633909285
1403637236188318976.000000 -1.571084261 5.337012768 -3.091812372 -0.752843618 -0.047803167 0.135978520 0.642223597
1403637236238319104.000000 -1.531993151 5.402716637 -3.026564360 -0.746636033 -0.049667057 0.131059155 0.650301039
1403637236288318976.000000 -1.490308046 5.467086315 -2.957296610 -0.739427686 -0.049537703 0.128882915 0.658924878
1403637236338319104.000000 -1.444458246 5.531098366 -2.886256218 -0.731997311 -0.048823494 0.126533404 0.667671800
1403637236388318976.000000 -1.397801518 5.591223717 -2.808910131 -0.724269271 -0.046802644 0.125230357 0.676432550
1403637236438319104.000000 -1.349101186 5.649670124 -2.727989197 -0.716679513 -0.043863393 0.125312716 0.684648335
1403637236488318976.000000 -1.296614051 5.713202477 -2.649412155 -0.709535718 -0.039287925 0.125776485 0.692239761
1403637236538319104.000000 -1.245126009 5.769440651 -2.562774420 -0.703767717 -0.035611846 0.125862703 0.698284626
1403637236588318976.000000 -1.193477035 5.825242996 -2.474497080 0.699134648 0.031651106 -0.125639424 -0.703152716
1403637236638319104.000000 -1.141493797 5.884390831 -2.388565063 -0.696383357 -0.027387414 0.122304015 0.706641376
1403637236688318976.000000 -1.092317700 5.936166763 -2.294568300 -0.693520069 -0.024134707 0.119816817 0.709994018
1403637236738319104.000000 -1.043005943 5.985974312 -2.197942019 -0.690565169 -0.018261218 0.114841335 0.713861227
1403637236788318976.000000 -0.991440415 6.038822174 -2.103210211 -0.686615765 -0.012816422 0.110510439 0.718458056
1403637236838319104.000000 -0.940476298 6.083524704 -2.002032757 -0.681728423 -0.005508563 0.106565371 0.723781705
1403637236888318976.000000 -0.887026370 6.125201225 -1.899003983 -0.676037967 0.003858858 0.101306990 0.729859412
1403637236938319104.000000 -0.831959486 6.167376041 -1.799765110 -0.670284629 0.014261757 0.095327616 0.735817790
1403637236988318976.000000 -0.775513589 6.201715469 -1.694963455 -0.665689230 0.024298612 0.087924935 0.740632653
1403637237038319104.000000 -0.717804253 6.231518269 -1.589398861 -0.661423147 0.036135014 0.080720641 0.744780481
1403637237088318976.000000 -0.657892048 6.258400917 -1.486678362 -0.656735182 0.047162682 0.074641377 0.748934746
1403637237138319104.000000 -0.597025335 6.277236938 -1.380685806 -0.651089609 0.058793463 0.069628380 0.753510237
1403637237188318976.000000 -0.534991622 6.290174484 -1.274791002 -0.644341528 0.067700364 0.067970335 0.758696795
1403637237238319104.000000 -0.477509171 6.297747612 -1.169581175 -0.636507928 0.072911263 0.068196900 0.764781594
1403637237288318976.000000 -0.413922250 6.297301292 -1.065561533 -0.628312469 0.075190112 0.070012473 0.771147311
1403637237338319104.000000 -0.349484146 6.290294170 -0.963077784 -0.621554315 0.074655712 0.070788264 0.776586056
1403637237388318976.000000 -0.284543931 6.277429581 -0.864976406 -0.614665449 0.074873984 0.072936982 0.781831563
1403637237438319104.000000 -0.217928588 6.257677555 -0.766613960 -0.608686388 0.075994082 0.074690968 0.786223352
1403637237488318976.000000 -0.150932252 6.231601715 -0.670414448 -0.603969395 0.075349234 0.075501308 0.789837420
1403637237538319104.000000 -0.087573051 6.199312210 -0.575472832 -0.599271834 0.076172024 0.077663459 0.793120146
1403637237588318976.000000 -0.019079030 6.160998344 -0.484265804 -0.595252573 0.076813005 0.080042928 0.795843780
1403637237638319104.000000 0.050478995 6.116928101 -0.395812511 -0.591247201 0.079721607 0.083125114 0.798223972
1403637237688318976.000000 0.114219368 6.068172932 -0.307839155 -0.587458432 0.083246328 0.086296029 0.800322294
1403637237738319104.000000 0.182393014 6.013851643 -0.224876642 -0.584068835 0.085690789 0.091429479 0.801973403
1403637237788318976.000000 0.248478174 5.955094337 -0.144222975 -0.581124723 0.087638997 0.096794493 0.803271055
1403637237838319104.000000 0.303533494 5.892371178 -0.064736128 -0.579760551 0.087890454 0.104139514 0.803310692
1403637237888318976.000000 0.362895191 5.825371742 0.010562181 -0.579848826 0.086593360 0.112551540 0.802252591
1403637237938319104.000000 0.418761075 5.754387856 0.082626581 -0.581287324 0.085279100 0.121697113 0.800014019
1403637237988318976.000000 0.465194225 5.681909084 0.152320623 -0.584302008 0.082582392 0.131474391 0.796546221
1403637238038319104.000000 0.513713121 5.605107784 0.218296289 -0.587655008 0.080291353 0.143552050 0.792217016
1403637238088318976.000000 0.559054494 5.526274204 0.281274796 -0.591259480 0.079313427 0.158898532 0.786684811
1403637238138319104.000000 0.598079085 5.447903633 0.340954781 -0.596352816 0.079073526 0.173158199 0.779824913
1403637238188318976.000000 0.638381600 5.365783691 0.396473408 -0.602172852 0.080522515 0.188057110 0.771711528
1403637238238319104.000000 0.675946116 5.283022404 0.448257446 0.609065890 -0.082880378 -0.202585146 -0.762318134
1403637238288318976.000000 0.709526181 5.199914455 0.494272232 -0.616756856 0.086983345 0.217197195 0.751578569
1403637238338319104.000000 0.741833568 5.115442276 0.536455154 -0.625132620 0.090482362 0.231420487 0.739909947
1403637238388318976.000000 0.770987988 5.031103611 0.573171139 0.635055304 -0.096361198 -0.243444517 -0.726742089
1403637238438319104.000000 0.797290683 4.945520401 0.604441643 0.645391583 -0.101588041 -0.254638284 -0.712957978
1403637238488318976.000000 0.820889354 4.859267235 0.629733562 0.656498790 -0.106934242 -0.263896346 -0.698522210
1403637238538319104.000000 0.839533210 4.778264046 0.646523476 0.667776704 -0.110173911 -0.272169143 -0.684002995
1403637238588318976.000000 0.856888652 4.689986706 0.659951210 0.678114355 -0.112321950 -0.280885011 -0.669812262
1403637238638319104.000000 0.870672941 4.600852013 0.668047428 0.685123205 -0.112836920 -0.294062793 -0.656811416
1403637238688318976.000000 0.881101251 4.514529705 0.668505192 0.690174222 -0.108254239 -0.308321178 -0.645661473
1403637238738319104.000000 0.889733076 4.425810337 0.663559914 0.692803383 -0.101825476 -0.324232250 -0.636025548
1403637238788318976.000000 0.895490289 4.337950230 0.651074409 0.694152236 -0.093755491 -0.340201199 -0.627396047
1403637238838319104.000000 0.899248600 4.253644466 0.631287098 0.694207311 -0.084964938 -0.356170833 -0.619677007
1403637238888318976.000000 0.900971413 4.169503212 0.603746891 0.693477571 -0.075347058 -0.371227205 -0.612863779
1403637238938319104.000000 0.901073456 4.089250088 0.567704201 0.692083597 -0.065065175 -0.385176837 -0.606980801
1403637238988318976.000000 0.899636745 4.012796402 0.522655487 0.691369236 -0.054820914 -0.395916432 -0.601875007
1403637239038319104.000000 0.895714045 3.942225456 0.470180988 0.693404078 -0.044162914 -0.399446696 -0.598065913
1403637239088318976.000000 0.892739058 3.876585722 0.405980110 0.697248101 -0.033660628 -0.397878021 -0.595319450
1403637239138319104.000000 0.889425993 3.818902016 0.331805468 0.705021322 -0.024900479 -0.388098478 -0.593046725
1403637239188318976.000000 0.885858059 3.766617298 0.249874115 0.714499176 -0.018637020 -0.374693602 -0.590549231
1403637239238319104.000000 0.877867818 3.719812393 0.165755272 0.724919140 -0.016109949 -0.359776109 -0.587191641
1403637239288318976.000000 0.871244669 3.676987886 0.072802544 0.733860731 -0.015572070 -0.348227412 -0.583046913
1403637239338319104.000000 0.861808300 3.638408422 -0.024302006 0.742008090 -0.015987594 -0.340325266 -0.577362239
1403637239388318976.000000 0.849755526 3.603322029 -0.124999046 0.749290347 -0.018353747 -0.336273640 -0.570216835
1403637239438319104.000000 0.830134630 3.569742680 -0.222967625 0.756557822 -0.021015856 -0.334306210 -0.561620951
1403637239488318976.000000 0.809979439 3.540390730 -0.328589678 0.764307201 -0.023191575 -0.332814842 -0.551843345
1403637239538319104.000000 0.782837391 3.512793064 -0.433613062 0.772946954 -0.026299564 -0.330481827 -0.540964961
1403637239588318976.000000 0.752746105 3.487426281 -0.542250633 0.781550705 -0.028644582 -0.328900844 -0.529322565
1403637239638319104.000000 0.716970205 3.463909149 -0.651671410 0.790392101 -0.030338908 -0.327452362 -0.516850889
1403637239688318976.000000 0.672946453 3.443467140 -0.761747599 0.799816191 -0.033327162 -0.324474841 -0.503884494
1403637239738319104.000000 0.629646420 3.423903704 -0.875360727 0.810703754 -0.035498936 -0.317192197 -0.490803748
1403637239788318976.000000 0.583244920 3.405663967 -0.989508629 0.822223604 -0.038708590 -0.307503968 -0.477379560
1403637239838319104.000000 0.527747035 3.389473677 -1.104021549 0.834854543 -0.039297864 -0.294808686 -0.463207901
1403637239888318976.000000 0.474147558 3.373234034 -1.219099522 0.846177101 -0.040667813 -0.284237832 -0.448931485
1403637239938319104.000000 0.418150187 3.356445789 -1.334016085 0.856137574 -0.042889662 -0.276487023 -0.434446573
1403637239988318976.000000 0.360555410 3.339458942 -1.447880507 0.866003633 -0.043278649 -0.269103676 -0.419222981
1403637240038319104.000000 0.301781178 3.323215961 -1.562084913 0.874741971 -0.043741181 -0.264217943 -0.403859138
1403637240088318976.000000 0.241874456 3.305876732 -1.675498009 0.882172823 -0.045279302 -0.262121856 -0.388604045
1403637240138319104.000000 0.180590987 3.287850380 -1.787194252 0.888909876 -0.045758903 -0.262383193 -0.372693449
1403637240188318976.000000 0.109151959 3.271239519 -1.892445564 0.894878268 -0.046616595 -0.263423920 -0.357250214
1403637240238319104.000000 0.047053337 3.251312256 -2.001481533 0.899659395 -0.046050195 -0.267027408 -0.342328340
1403637240288318976.000000 -0.015486717 3.231566906 -2.108833313 0.902718246 -0.044278290 -0.274256259 -0.328516155
1403637240338319104.000000 -0.078016162 3.211785316 -2.215694904 0.904460907 -0.040099110 -0.282437772 -0.317130029
1403637240388318976.000000 -0.139753103 3.191716194 -2.321868420 0.905276597 -0.034761366 -0.291494280 -0.307078451
1403637240438319104.000000 -0.199388504 3.172130585 -2.428228378 0.905605197 -0.026828822 -0.299977958 -0.298618019
1403637240488318976.000000 -0.270247698 3.153852463 -2.525870323 0.905890822 -0.020333607 -0.306427568 -0.291634291
1403637240538319104.000000 -0.326222181 3.137003422 -2.634298325 0.906020820 -0.014911807 -0.311204284 -0.286453843
1403637240588318976.000000 -0.381170988 3.121826410 -2.742398739 0.906496286 -0.013281410 -0.313292682 -0.282729357
1403637240638319104.000000 -0.433138967 3.108318329 -2.851707935 0.907207191 -0.010682575 -0.313578963 -0.280230850
1403637240688318976.000000 -0.482637167 3.096523762 -2.961828709 0.908025444 -0.008309319 -0.312511921 -0.278849632
1403637240738319104.000000 -0.529990435 3.086683750 -3.073000908 0.908814490 -0.008493016 -0.311070859 -0.277883083
1403637240788318976.000000 -0.580323219 3.079365730 -3.178402901 0.910535276 -0.007681577 -0.306344450 -0.277524143
1403637240838319104.000000 -0.622686386 3.073621750 -3.291924000 0.913826227 -0.005123078 -0.296087027 -0.277898997
1403637240888318976.000000 -0.662860513 3.071152925 -3.405064583 0.917203248 -0.006553535 -0.284642607 -0.278700471
1403637240938319104.000000 -0.706345201 3.067023754 -3.512609482 0.919908822 -0.006165057 -0.274747223 -0.279721051
1403637240988318976.000000 -0.744124174 3.066999435 -3.624184132 0.921335995 -0.006302463 -0.268598974 -0.280989200
1403637241038319104.000000 -0.783929467 3.067588806 -3.732378006 0.921290576 -0.007323597 -0.267391801 -0.282261759
1403637241088318976.000000 -0.825082064 3.070094585 -3.838589191 0.920107663 -0.009069403 -0.269424051 -0.284130871
1403637241138319104.000000 -0.868213773 3.067014456 -3.935987949 0.919067025 -0.008824823 -0.270939261 -0.286059499
1403637241188318976.000000 -0.912110209 3.071989536 -4.038538456 0.918126583 -0.008388538 -0.272225738 -0.287865371
1403637241238319104.000000 -0.957169533 3.077366829 -4.139148712 0.918094575 -0.004811988 -0.270789027 -0.289400190
1403637241288318976.000000 -1.001734018 3.082207203 -4.235680580 0.917971611 -0.000591274 -0.269667268 -0.290873498
1403637241338319104.000000 -1.047731638 3.091129303 -4.333483696 0.918115854 0.002455464 -0.267518103 -0.292389154
1403637241388318976.000000 -1.094173551 3.100700378 -4.428680897 0.918583632 0.007499812 -0.264586508 -0.293499500
1403637241438319104.000000 -1.134372830 3.105327606 -4.515722752 0.918744683 0.012377921 -0.262530714 -0.294673949
1403637241488318976.000000 -1.178708434 3.118392229 -4.606944561 0.919345319 0.016991330 -0.259084105 -0.295619726
1403637241538319104.000000 -1.220392346 3.133319139 -4.695588589 0.920658112 0.021709129 -0.253187329 -0.296333402
1403637241588318976.000000 -1.260204911 3.150710583 -4.782105923 0.921304703 0.025131863 -0.249226123 -0.297409654
1403637241638319104.000000 -1.297505617 3.170655012 -4.866344929 0.922154665 0.025902878 -0.244848952 -0.298343688
1403637241688318976.000000 -1.322706223 3.184569120 -4.940636158 0.923420012 0.025247505 -0.238863096 -0.299336910
1403637241738319104.000000 -1.354962826 3.208760738 -5.018933773 0.924697638 0.024655990 -0.232710019 -0.300287247
1403637241788318976.000000 -1.384633541 3.234021187 -5.093290806 0.926029801 0.022989046 -0.226831421 -0.300812125
1403637241838319104.000000 -1.409281254 3.259304523 -5.162449360 0.927179337 0.019221224 -0.221608996 -0.301427484
1403637241888318976.000000 -1.433359146 3.287984848 -5.229174614 0.927673340 0.010837025 -0.218791991 -0.302382052
1403637241938319104.000000 -1.450311780 3.315197945 -5.288597584 0.928003848 -0.001816572 -0.215822265 -0.303687990
1403637241988318976.000000 -1.469782114 3.344797850 -5.347613811 0.928364575 -0.011465074 -0.212706581 -0.304571450
1403637242038319104.000000 -1.476783514 3.368065596 -5.398711205 0.928889334 -0.017243173 -0.209894553 -0.304650009
1403637242088318976.000000 -1.491514444 3.396201372 -5.450775623 0.929329932 -0.017187292 -0.209191963 -0.303791642
1403637242138319104.000000 -1.504064918 3.422885895 -5.499012947 0.929452658 -0.013535379 -0.210145548 -0.302941293
1403637242188318976.000000 -1.514425397 3.449632406 -5.543925762 0.929526865 -0.007717270 -0.211721629 -0.301818341
1403637242238319104.000000 -1.514404535 3.474573374 -5.582041264 0.929710448 -0.002268209 -0.212459028 -0.300823241
1403637242288318976.000000 -1.520430207 3.501544952 -5.619676113 0.930027246 0.002560121 -0.212627500 -0.299720645
1403637242338319104.000000 -1.524184942 3.528250456 -5.652449131 0.930875719 0.009042738 -0.210698679 -0.298319727
1403637242388318976.000000 -1.529088497 3.555737495 -5.681516647 0.931972027 0.015284356 -0.207319826 -0.297006875
1403637242438319104.000000 -1.534655213 3.583925724 -5.705974102 0.933165014 0.020620542 -0.203079164 -0.295866013
1403637242488318976.000000 -1.528363347 3.610886574 -5.720948696 0.934223950 0.024962293 -0.199476734 -0.294638187
1403637242538319104.000000 -1.534118295 3.641067028 -5.735442638 0.934697330 0.026361182 -0.196489587 -0.295021892
1403637242588318976.000000 -1.537047029 3.672473669 -5.744328976 0.934465051 0.025692873 -0.193689421 -0.297656596
1403637242638319104.000000 -1.538344741 3.705384254 -5.748058319 0.932964206 0.023565467 -0.193269789 -0.302769423
1403637242688318976.000000 -1.537128568 3.739511013 -5.746829987 0.930640697 0.020560928 -0.193473443 -0.309924603
1403637242738319104.000000 -1.526373982 3.775003433 -5.740869999 0.927519023 0.015865078 -0.194385156 -0.318859398
1403637242788318976.000000 -1.519084334 3.810365677 -5.730163097 0.924160779 0.008443264 -0.195472121 -0.328095019
1403637242838319104.000000 -1.503509998 3.844779491 -5.715397358 0.921417356 0.001475263 -0.194536641 -0.336368054
1403637242888318976.000000 -1.489990592 3.878994465 -5.696597576 0.918824732 -0.004618547 -0.193544105 -0.343919396
1403637242938319104.000000 -1.473457456 3.912275314 -5.674237251 0.917168617 -0.007511956 -0.190285608 -0.350052536
1403637242988318976.000000 -1.453613162 3.946045399 -5.649188995 0.915797174 -0.009126018 -0.187180638 -0.355240554
1403637243038319104.000000 -1.434565544 3.978188038 -5.620672703 0.914299250 -0.007076835 -0.186676726 -0.359386444
1403637243088318976.000000 -1.414935231 4.010165215 -5.588217258 0.913199365 -0.002972306 -0.186584473 -0.362276733
1403637243138319104.000000 -1.395617008 4.040231705 -5.551658154 0.912023425 0.001464179 -0.187732235 -0.364647478
1403637243188318976.000000 -1.378527641 4.071094990 -5.510908604 0.910127223 0.003365102 -0.192784831 -0.366730422
1403637243238319104.000000 -1.362211227 4.101659775 -5.466391563 0.907875180 0.003439065 -0.199556336 -0.368684292
1403637243288318976.000000 -1.346186399 4.133174896 -5.421978474 0.906033576 0.002195621 -0.205026433 -0.370219529
1403637243338319104.000000 -1.331348896 4.163291931 -5.370925426 0.904387772 0.001095872 -0.210070580 -0.371418953
1403637243388318976.000000 -1.317276597 4.193296909 -5.316843510 0.903283238 -0.000724565 -0.213527560 -0.372135639
1403637243438319104.000000 -1.303564191 4.222865105 -5.259907246 0.902496099 -0.003244967 -0.216466501 -0.372333974
1403637243488318976.000000 -1.286730647 4.251427650 -5.201436043 0.902239323 -0.003923520 -0.217216760 -0.372512728
1403637243538319104.000000 -1.270017147 4.280231476 -5.140113354 0.901547432 -0.005872342 -0.220052376 -0.372498035
1403637243588318976.000000 -1.251660585 4.309412479 -5.077695847 0.899910808 -0.008355772 -0.226134092 -0.372765481
1403637243638319104.000000 -1.231812239 4.337207794 -5.012812138 0.898316503 -0.010867926 -0.232106820 -0.372875124
1403637243688318976.000000 -1.209598064 4.370289326 -4.952973843 0.896304071 -0.012635505 -0.239759341 -0.372820139
1403637243738319104.000000 -1.183856010 4.397868156 -4.887685776 0.895115912 -0.016378492 -0.244684353 -0.372329056
1403637243788318976.000000 -1.156605721 4.426307678 -4.823987961 0.892697692 -0.021497421 -0.253232747 -0.372158587
1403637243838319104.000000 -1.127148151 4.453389168 -4.759162426 0.889995933 -0.028893571 -0.261997283 -0.372061759
1403637243888318976.000000 -1.095602989 4.479816437 -4.695783615 0.888103962 -0.033073936 -0.268800825 -0.371380836
1403637243938319104.000000 -1.061796427 4.505804539 -4.635893822 0.886321127 -0.038311943 -0.274474621 -0.370986342
1403637243988318976.000000 -1.025424242 4.529402256 -4.575145245 0.886004150 -0.039778680 -0.276578993 -0.370024830
1403637244038319104.000000 -0.987410784 4.551961422 -4.516711235 0.886173964 -0.040278710 -0.277386039 -0.368958324
1403637244088318976.000000 -0.947472811 4.573101521 -4.459875584 0.886556864 -0.040676638 -0.277672231 -0.367777795
1403637244138319104.000000 -0.907728434 4.601517677 -4.414193630 0.887209952 -0.039354905 -0.277367353 -0.366574913
1403637244188318976.000000 -0.865379810 4.620965481 -4.361159801 0.888267815 -0.039070532 -0.275670111 -0.365321696
1403637244238319104.000000 -0.821848392 4.639938831 -4.310406685 0.889012337 -0.039176468 -0.274790704 -0.364159942
1403637244288318976.000000 -0.777762890 4.658183575 -4.260881901 0.888877809 -0.039411217 -0.276088089 -0.363480985
1403637244338319104.000000 -0.732885838 4.680620670 -4.221017361 0.888683677 -0.038805060 -0.277914554 -0.362628043
1403637244388318976.000000 -0.687545061 4.696641922 -4.173558712 0.887525082 -0.038838763 -0.280947328 -0.363124609
1403637244438319104.000000 -0.641158819 4.712378025 -4.128444195 0.886143506 -0.037097152 -0.283135235 -0.364976615
1403637244488318976.000000 -0.594146490 4.730556965 -4.089433193 0.884873211 -0.033402171 -0.283716708 -0.367951930
1403637244538319104.000000 -0.546399832 4.746040821 -4.047818184 0.883910179 -0.026836952 -0.281829566 -0.372229487
1403637244588318976.000000 -0.500093460 4.762766361 -4.008541107 0.882341027 -0.019542327 -0.280265898 -0.377549380
1403637244638319104.000000 -0.455336571 4.779447079 -3.969343185 0.880430043 -0.011862013 -0.278500766 -0.383587956
1403637244688318976.000000 -0.414143801 4.802428246 -3.936670780 0.877936602 -0.005989549 -0.276871532 -0.390555620
1403637244738319104.000000 -0.372992039 4.820979118 -3.898092270 0.875236690 -0.001607781 -0.275669754 -0.397447377
1403637244788318976.000000 -0.333424091 4.841076851 -3.860885620 0.872742236 0.001542186 -0.274752855 -0.403521448
1403637244838319104.000000 -0.295262337 4.862124920 -3.823598862 0.870504022 0.003697578 -0.274023741 -0.408803344
1403637244888318976.000000 -0.259419441 4.887254715 -3.789070606 0.868281782 0.005026567 -0.273457110 -0.413863212
1403637244938319104.000000 -0.224112511 4.911293507 -3.752453327 0.865870655 0.004778604 -0.274598032 -0.418140143
1403637244988318976.000000 -0.190291405 4.937171459 -3.717189312 0.863375604 0.003976590 -0.276916623 -0.421762973
1403637245038319104.000000 -0.158449411 4.963915825 -3.681765556 0.860413671 0.000464656 -0.282196283 -0.424326986
1403637245088318976.000000 -0.134029627 4.992786407 -3.647460461 0.856221676 -0.005563615 -0.291120231 -0.426734716
1403637245138319104.000000 -0.106232882 5.021913528 -3.613820553 0.852225542 -0.010503862 -0.299975634 -0.428504437
1403637245188318976.000000 -0.080136061 5.053097725 -3.582674980 0.849326491 -0.012457124 -0.306863040 -0.429330170
1403637245238319104.000000 -0.057381868 5.083807945 -3.552766323 0.849249363 -0.010281161 -0.306207329 -0.430008113
1403637245288318976.000000 -0.032166719 5.117444992 -3.527297974 0.851085961 -0.006964967 -0.301032960 -0.430097073
1403637245338319104.000000 -0.008950710 5.152920723 -3.504178524 0.853344858 -0.001788895 -0.295072496 -0.429804176
1403637245388318976.000000 0.013345242 5.189796925 -3.482326984 0.855041921 0.000925253 -0.289920539 -0.429940224
1403637245438319104.000000 0.027414560 5.226504803 -3.460227013 0.856025517 0.004051005 -0.285405129 -0.430984914
1403637245488318976.000000 0.046809673 5.266865730 -3.439551353 0.855850041 0.006528852 -0.282471299 -0.433229864
1403637245538319104.000000 0.064438343 5.308639526 -3.418505669 0.854567826 0.007261280 -0.280525476 -0.436997324
1403637245588318976.000000 0.078064442 5.350814819 -3.397766113 0.852930903 0.009731062 -0.278245121 -0.441581190
1403637245638319104.000000 0.092935085 5.395826340 -3.377460003 0.849875748 0.010412986 -0.278036028 -0.447547495
1403637245688318976.000000 0.105510473 5.440865040 -3.356334209 0.846639454 0.011958806 -0.276722878 -0.454404235
1403637245738319104.000000 0.114876032 5.490645885 -3.337213993 0.843204260 0.011105744 -0.273560733 -0.462653071
1403637245788318976.000000 0.126108646 5.540180206 -3.317183018 0.839833379 0.008214872 -0.267079890 -0.472526014
1403637245838319104.000000 0.136230469 5.591667175 -3.297560215 0.836496472 0.005033085 -0.257005662 -0.483938545
1403637245888318976.000000 0.142823696 5.644570351 -3.280056477 0.831815183 0.002230137 -0.247998655 -0.496563524
1403637245938319104.000000 0.150178432 5.696803093 -3.258773327 0.825671911 -0.000485104 -0.240102470 -0.510506094
1403637245988318976.000000 0.155801058 5.748731136 -3.236885548 0.818442523 -0.001567336 -0.232349738 -0.525512278
1403637246038319104.000000 0.159781456 5.802495480 -3.213837147 0.809898973 -0.001878016 -0.225169003 -0.541626275
1403637246088318976.000000 0.163639307 5.854882240 -3.189998150 0.799881160 -0.002743706 -0.218635410 -0.558910847
1403637246138319104.000000 0.165989399 5.907316685 -3.165205002 0.788836241 -0.002536653 -0.211644858 -0.577007294
1403637246188318976.000000 0.167173624 5.961600780 -3.139219761 0.776470602 -0.002314696 -0.205382511 -0.595740020
1403637246238319104.000000 0.167330503 6.012692451 -3.112221241 0.763117909 -0.002664036 -0.199137613 -0.614807487
1403637246288318976.000000 0.166444898 6.063948154 -3.083848000 0.748889685 -0.001114420 -0.193013266 -0.633962929
1403637246338319104.000000 0.167788625 6.116226673 -3.056182861 0.734066606 0.000208455 -0.185149595 -0.653349757
1403637246388318976.000000 0.165939569 6.165395737 -3.026227951 0.719117820 0.003126979 -0.176108658 -0.672194600
1403637246438319104.000000 0.163572311 6.213858604 -2.994901657 0.704221070 0.007367215 -0.165704325 -0.690333664
1403637246488318976.000000 0.159754157 6.262005806 -2.963217735 -0.689508021 -0.009844077 0.154132426 0.707619309
1403637246538319104.000000 0.155239224 6.307992935 -2.929432392 -0.674562097 -0.009847996 0.143732205 0.724023521
1403637246588318976.000000 0.150538921 6.352617741 -2.894487143 -0.660370111 -0.010037961 0.131520346 0.739265263
1403637246638319104.000000 0.144485056 6.394747734 -2.857968330 -0.645453572 -0.008399573 0.121891886 0.753963947
1403637246688318976.000000 0.141034067 6.440049171 -2.820079803 -0.630877316 -0.005008712 0.111327395 0.767837882
1403637246738319104.000000 0.135437965 6.477640152 -2.780565500 -0.616294384 -0.004221365 0.102173351 0.780848324
1403637246788318976.000000 0.131388485 6.511501312 -2.739793539 0.601246774 0.002613242 -0.094809204 -0.793414652
1403637246838319104.000000 0.129444957 6.544265747 -2.697874546 -0.586207688 -0.002273056 0.087891772 0.805375934
1403637246888318976.000000 0.128179461 6.570416451 -2.655405521 -0.571304858 -0.003688937 0.082967594 0.816525340
1403637246938319104.000000 0.128446460 6.593302727 -2.611783028 0.556520939 0.007216950 -0.081782132 -0.826767266
1403637246988318976.000000 0.133046448 6.619256020 -2.566074848 -0.543358922 -0.013726111 0.082018338 0.835371614
1403637247038319104.000000 0.136407465 6.636185646 -2.521642447 -0.531890571 -0.018608836 0.083759584 0.842455029
1403637247088318976.000000 0.139363378 6.651469707 -2.476669788 0.522321403 0.024160424 -0.087323219 -0.847921789
1403637247138319104.000000 0.142346412 6.664739609 -2.430842876 0.514164984 0.028154040 -0.092247635 -0.852251291
1403637247188318976.000000 0.144205898 6.676441193 -2.384349108 0.508180916 0.031701248 -0.095585227 -0.855342448
1403637247238319104.000000 0.150002450 6.695616722 -2.333552361 -0.503297627 -0.033352993 0.099992126 0.857660055
1403637247288318976.000000 0.149116904 6.704368591 -2.285674810 -0.500157475 -0.032238416 0.101490609 0.859361887
1403637247338319104.000000 0.148916870 6.712405205 -2.237231970 0.498830140 0.026428636 -0.099897243 -0.860517681
1403637247388318976.000000 0.149734646 6.719717979 -2.188075781 0.499471933 0.014507162 -0.092927389 -0.861209571
1403637247438319104.000000 0.150203675 6.726115227 -2.138277292 0.500657737 0.001621924 -0.085703224 -0.861390889
1403637247488318976.000000 0.154427469 6.741994858 -2.082005024 -0.501165807 0.005804857 0.082996100 0.861342490
1403637247538319104.000000 0.150720149 6.744915962 -2.031389236 -0.501344085 0.007677585 0.081075817 0.861406982
1403637247588318976.000000 0.145799100 6.746700764 -1.979223490 0.500087202 -0.007511239 -0.079584382 -0.862277687
1403637247638319104.000000 0.139558673 6.745178699 -1.927559376 0.497925252 -0.006401211 -0.077104032 -0.863761842
1403637247688318976.000000 0.133027971 6.741194248 -1.875899076 0.495770395 -0.004758578 -0.070576198 -0.865568042
1403637247738319104.000000 0.126225322 6.734474659 -1.824099302 0.492743433 -0.002460261 -0.063749112 -0.867832899
1403637247788318976.000000 0.128071427 6.734264374 -1.767486453 -0.489069402 -0.001290090 0.056814730 0.870391667
1403637247838319104.000000 0.124309346 6.721507072 -1.715157390 -0.484416813 -0.002719283 0.050041586 0.873400807
1403637247888318976.000000 0.123379603 6.705864906 -1.661618590 0.477908015 0.002010990 -0.047996014 -0.877095401
1403637247938319104.000000 0.124113992 6.685864449 -1.608269215 0.469627053 -0.002659496 -0.047461785 -0.881584227
1403637247988318976.000000 0.130360439 6.665863991 -1.553994179 -0.460892558 0.007020784 0.048597720 0.886096537
1403637248038319104.000000 0.132224783 6.638577461 -1.501077414 -0.451531202 0.006674101 0.051838819 0.890723228
1403637248088318976.000000 0.135618880 6.608941555 -1.448025942 0.442513049 -0.001594828 -0.054241162 -0.895118773
1403637248138319104.000000 0.139857128 6.576314926 -1.395853519 0.433215082 0.003823217 -0.057253163 -0.899462223
1403637248188318976.000000 0.147338480 6.547019958 -1.344294667 -0.424894601 -0.009268178 0.059790026 0.903218627
1403637248238319104.000000 0.149916694 6.511302948 -1.292382836 -0.418370992 -0.015552218 0.060897402 0.906099021
1403637248288318976.000000 0.152282685 6.475271225 -1.239297390 0.411886215 0.017843708 -0.064272031 -0.908790708
1403637248338319104.000000 0.152537301 6.437970161 -1.186246991 0.407434523 0.020483067 -0.063944720 -0.910762727
1403637248388318976.000000 0.154990599 6.401025772 -1.134540439 -0.403931051 -0.020592002 0.064661354 0.912268996
1403637248438319104.000000 0.152766332 6.362333298 -1.080724239 -0.401170641 -0.018950040 0.065361336 0.913471937
1403637248488318976.000000 0.150656700 6.323614597 -1.027365446 0.399679333 0.016825296 -0.064150728 -0.914252758
1403637248538319104.000000 0.148518518 6.283898830 -0.973843098 0.398885936 0.011365343 -0.062148821 -0.914821506
1403637248588318976.000000 0.151952296 6.243345737 -0.923977852 -0.398828447 -0.007607350 0.059665225 0.915050924
1403637248638319104.000000 0.151878476 6.201027393 -0.871971965 -0.399394602 -0.007357936 0.058489460 0.914881885
1403637248688318976.000000 0.152826175 6.156891823 -0.821244836 0.400038391 0.010692297 -0.059435330 -0.914506733
1403637248738319104.000000 0.155383453 6.111276627 -0.771225274 0.400996506 0.015138041 -0.061062545 -0.913916886
1403637248788318976.000000 0.163138375 6.063668728 -0.725292504 -0.402314305 -0.020201478 0.062596105 0.913135707
1403637248838319104.000000 0.170014843 6.015011311 -0.676935554 -0.403687686 -0.023322383 0.064740121 0.912305355
1403637248888318976.000000 0.179426327 5.965407372 -0.628664911 0.404976308 0.025463106 -0.067268550 -0.911493719
1403637248938319104.000000 0.190687999 5.915234566 -0.580448449 0.406064004 0.026077917 -0.070087872 -0.910779715
1403637248988318976.000000 0.204201832 5.864400864 -0.534215569 -0.407277972 -0.026715757 0.072221905 0.910052180
1403637249038319104.000000 0.218857989 5.813229561 -0.486544788 -0.408952236 -0.026356846 0.072318599 0.909303844
1403637249088318976.000000 0.235339478 5.761848927 -0.438608289 0.410515279 0.026983105 -0.072683021 -0.908551812
1403637249138319104.000000 0.253711462 5.710023880 -0.390513539 0.411863714 0.026096119 -0.072968893 -0.907944381
1403637249188318976.000000 0.273421347 5.657474041 -0.342495918 0.412994087 0.026695104 -0.073194563 -0.907395124
1403637249238319104.000000 0.295611978 5.604012966 -0.298620582 -0.413848668 -0.025953703 0.073616117 0.906993091
1403637249288318976.000000 0.318942040 5.551031590 -0.250124693 -0.414664418 -0.024695504 0.074347444 0.906595886
1403637249338319104.000000 0.343018234 5.497917652 -0.201468587 0.416126996 0.023554824 -0.072889000 -0.906074345
1403637249388318976.000000 0.364368498 5.444532394 -0.151626706 0.416682720 0.023212574 -0.073852733 -0.905749738
1403637249438319104.000000 0.379893363 5.389504433 -0.105271339 -0.416689903 -0.022799371 0.074856780 0.905674458
1403637249488318976.000000 0.393935621 5.336604118 -0.052376151 -0.417153478 -0.022211127 0.074908853 0.905471385
1403637249538319104.000000 0.403461397 5.283710003 0.001791358 0.417153150 0.022270175 -0.075453542 -0.905424833
1403637249588318976.000000 0.408952594 5.230992317 0.057491541 0.416937172 0.021835087 -0.075969473 -0.905491710
1403637249638319104.000000 0.410563648 5.178044796 0.113990426 0.416840345 0.021445310 -0.075777300 -0.905561805
1403637249688318976.000000 0.405876935 5.116035461 0.157639503 -0.416662693 -0.019420395 0.074423768 0.905801475
1403637249738319104.000000 0.406774819 5.062643051 0.214623094 -0.416160852 -0.014661756 0.073021881 0.906235635
1403637249788318976.000000 0.407791674 5.008631229 0.270325541 0.415582985 0.010756652 -0.070060864 -0.906789184
1403637249838319104.000000 0.407634318 4.951589584 0.322841883 -0.413649261 -0.006968573 0.067752600 0.907885075
1403637249888318976.000000 0.411794901 4.895897865 0.378404856 -0.410094768 -0.005039934 0.066290051 0.909616709
1403637249938319104.000000 0.416080147 4.838192463 0.432117701 0.405162483 0.005623614 -0.064675689 -0.911936879
1403637249988318976.000000 0.422325432 4.779381752 0.485870481 0.398266971 0.006636912 -0.066782773 -0.914811134
1403637250038319104.000000 0.423650354 4.711342335 0.531769991 -0.391292095 -0.008329039 0.070623815 0.917514861
1403637250088318976.000000 0.433181942 4.651061535 0.582945704 -0.384146899 -0.009467917 0.075121269 0.920162141
1403637250138319104.000000 0.443674743 4.589936733 0.632086515 0.377472311 0.012531400 -0.077809975 -0.922661006
1403637250188318976.000000 0.452040970 4.525725365 0.679355025 -0.370752156 -0.013528858 0.078705192 0.925292075
1403637250238319104.000000 0.461673796 4.465223312 0.727185547 -0.363298744 -0.013490951 0.080651946 0.928077161
1403637250288318976.000000 0.468786359 4.404305458 0.773724079 0.356644928 0.013227510 -0.082635418 -0.930484235
1403637250338319104.000000 0.469333589 4.341522694 0.818364918 -0.350300997 -0.011832656 0.085095458 0.932688594
1403637250388318976.000000 0.473833084 4.283205509 0.864057779 -0.345470935 -0.011971689 0.086638443 0.934344828
1403637250438319104.000000 0.476500511 4.225107193 0.908891141 0.340931475 0.011822707 -0.090020083 -0.935693562
1403637250488318976.000000 0.477944046 4.168445587 0.952764392 0.336727947 0.012122139 -0.093701102 -0.936849773
1403637250538319104.000000 0.478459895 4.113042355 0.995073557 0.333829999 0.014446305 -0.096358612 -0.937584102
1403637250588318976.000000 0.473866999 4.055974483 1.036644697 -0.331412911 -0.015655693 0.098567918 0.938192368
1403637250638319104.000000 0.476782322 4.003074169 1.075252414 -0.328766525 -0.018617282 0.097221091 0.939209342
1403637250688318976.000000 0.480873108 3.951347113 1.111897349 -0.325987130 -0.020134887 0.096964620 0.940172791
1403637250738319104.000000 0.486297488 3.899466515 1.146382332 0.324088782 0.021362849 -0.095849551 -0.940916061
1403637250788318976.000000 0.494071126 3.850540638 1.180012584 0.322761685 0.023277756 -0.093496762 -0.941563249
1403637250838319104.000000 0.503924668 3.803150177 1.211819291 0.321379602 0.022464199 -0.093043566 -0.942100585
1403637250888318976.000000 0.515467525 3.757574558 1.242428422 0.320346147 0.020840924 -0.092373937 -0.942555666
1403637250938319104.000000 0.527345777 3.713606358 1.272083282 0.319039613 0.020828234 -0.093988709 -0.942839384
1403637250988318976.000000 0.540982127 3.670968294 1.300075889 0.318028659 0.019797795 -0.095033936 -0.943098366
1403637251038319104.000000 0.556282043 3.629769802 1.326660872 0.315986574 0.019684548 -0.095801607 -0.943709195
1403637251088318976.000000 0.562235594 3.592117310 1.359219313 -0.312678814 -0.019950129 0.097213075 0.944660664
1403637251138319104.000000 0.580257177 3.553942442 1.383464336 -0.308263123 -0.021469412 0.099947862 0.945792437
1403637251188318976.000000 0.600003302 3.517650127 1.405894995 -0.303973496 -0.022432374 0.102136567 0.946923971
1403637251238319104.000000 0.621435583 3.482791424 1.426408291 0.300026387 0.023435406 -0.103308238 -0.948030829
1403637251288318976.000000 0.644791842 3.450054884 1.444380283 0.296520591 0.023545442 -0.103289619 -0.949132442
1403637251338319104.000000 0.670418322 3.419288158 1.460376859 0.293315142 0.023231473 -0.099237405 -0.950567484
1403637251388318976.000000 0.698631346 3.390638828 1.474753141 0.291595370 0.022146592 -0.089573041 -0.952081084
1403637251438319104.000000 0.727168560 3.363569736 1.488472700 0.287586063 0.021242252 -0.083678678 -0.953855872
1403637251488318976.000000 0.754704475 3.338063955 1.501827717 0.282897621 0.020562025 -0.076979496 -0.955834866
1403637251538319104.000000 0.780474842 3.313646317 1.515032530 0.276921362 0.020001229 -0.072052404 -0.957978606
1403637251588318976.000000 0.795151293 3.296741962 1.535838962 -0.270614326 -0.019466637 0.067027979 0.960154235
1403637251638319104.000000 0.816689909 3.274994373 1.548766136 -0.264689416 -0.019110069 0.063453972 0.962054074
1403637251688318976.000000 0.836423635 3.254168987 1.561378002 -0.258644104 -0.019129232 0.061767146 0.963806093
1403637251738319104.000000 0.853950024 3.232456684 1.572005510 0.253378361 0.018989464 -0.060471859 -0.965288579
1403637251788318976.000000 0.870668650 3.213027239 1.582988858 0.249025926 0.018489633 -0.059191599 -0.966509521
1403637251838319104.000000 0.886192024 3.194716215 1.593264580 0.246086016 0.018929446 -0.056727279 -0.967401385
1403637251888318976.000000 0.901096880 3.177341700 1.602948308 0.244102508 0.016341303 -0.053269532 -0.968147337
1403637251938319104.000000 0.912047863 3.163000345 1.614756703 -0.243417010 -0.014587133 0.047047164 0.968670249
1403637251988318976.000000 0.925180495 3.147061348 1.623749733 -0.243553236 -0.011453121 0.039816126 0.969002247
1403637252038319104.000000 0.936899126 3.131337881 1.632493377 -0.243583083 -0.009184801 0.035381503 0.969190955
1403637252088318976.000000 0.947014511 3.114914894 1.640379190 0.243161261 0.005953839 -0.031546216 -0.969454467
1403637252138319104.000000 0.955864310 3.098376274 1.647626638 0.242545366 0.002821104 -0.030201491 -0.969665766
1403637252188318976.000000 0.963196099 3.081192017 1.654244781 0.241239890 -0.000617936 -0.031349164 -0.969958901
1403637252238319104.000000 0.968391240 3.063774586 1.660044074 0.240044162 -0.001661501 -0.033608802 -0.970178664
1403637252288318976.000000 0.971414030 3.046293259 1.664829612 0.239037201 -0.001585897 -0.035668273 -0.970353842
1403637252338319104.000000 0.970357299 3.030151367 1.669480085 -0.238133714 0.000333126 0.037908472 0.970492244
1403637252388318976.000000 0.968603730 3.012511492 1.672302485 -0.237431750 -0.003004314 0.040628295 0.970549643
1403637252438319104.000000 0.964738071 2.994895458 1.674441814 -0.236966684 -0.007725785 0.043654703 0.970505774
1403637252488318976.000000 0.958682418 2.978124142 1.675656438 0.236792237 0.011035815 -0.045655917 -0.970424294
1403637252538319104.000000 0.951218724 2.961174965 1.676288843 0.236736193 0.013762722 -0.047095232 -0.970334351
1403637252588318976.000000 0.940989971 2.944441319 1.675570965 0.236650646 0.016030487 -0.048697956 -0.970241249
1403637252638319104.000000 0.930700600 2.928122282 1.675416470 0.236281574 0.018476928 -0.051256239 -0.970155895
1403637252688318976.000000 0.920116365 2.912427425 1.675707936 0.235630080 0.023102738 -0.054828309 -0.970019937
1403637252738319104.000000 0.907566011 2.897340536 1.674316287 0.234387144 0.027818222 -0.059837036 -0.969901264
1403637252788318976.000000 0.896082282 2.883403063 1.672033906 0.233181044 0.032354970 -0.065291747 -0.969699383
1403637252838319104.000000 0.896320403 2.867433310 1.674447298 -0.233533666 -0.036146786 0.066402934 0.969405055
1403637252888318976.000000 0.889162838 2.856678009 1.670231342 -0.234924510 -0.035257101 0.062984616 0.969329834
1403637252938319104.000000 0.884915411 2.847266912 1.665635705 -0.236800089 -0.031309400 0.058461573 0.969292402
1403637252988318976.000000 0.882278025 2.839504957 1.659702778 0.238588944 0.028550642 -0.053111166 -0.969246805
1403637253038319104.000000 0.880453467 2.831833839 1.652881622 0.240069598 0.026052199 -0.049081821 -0.969164014
1403637253088318976.000000 0.879849494 2.824165583 1.645079136 0.240794972 0.023628242 -0.047253616 -0.969137013
1403637253138319104.000000 0.879919469 2.816669941 1.636496782 0.241661966 0.021774186 -0.045301802 -0.969057918
1403637253188318976.000000 0.879484773 2.809403419 1.627910137 0.242104545 0.020936526 -0.044577468 -0.968999505
1403637253238319104.000000 0.878473341 2.802328587 1.619654417 0.242512614 0.019502023 -0.044125844 -0.968948007
1403637253288318976.000000 0.876082361 2.795415640 1.611795187 0.243032321 0.019507818 -0.043867163 -0.968829393
1403637253338319104.000000 0.886026442 2.784399748 1.615106821 -0.243398622 -0.019895863 0.045338426 0.968661845
1403637253388318976.000000 0.881461084 2.778166771 1.607604265 -0.244011596 -0.019809855 0.044048771 0.968568921
1403637253438319104.000000 0.875763237 2.772108555 1.600237131 -0.243487254 -0.018695682 0.046226989 0.968621492
1403637253488318976.000000 0.864799082 2.765874386 1.590637088 0.243997708 0.018202748 -0.045307681 -0.968545794
1403637253538319104.000000 0.854410708 2.760460615 1.582147121 0.244374469 0.019613547 -0.045156028 -0.968430400
1403637253588318976.000000 0.844193876 2.754874706 1.572850943 0.244622618 0.019877911 -0.044658627 -0.968385458
1403637253638319104.000000 0.835255742 2.749478340 1.562863350 0.245268077 0.020392843 -0.042620461 -0.968303323
1403637253688318976.000000 0.828318119 2.744178057 1.552181005 0.245956644 0.019840308 -0.040187921 -0.968244135
1403637253738319104.000000 0.823253870 2.738698483 1.540178418 0.246525720 0.019526338 -0.038276374 -0.968183219
1403637253788318976.000000 0.820640683 2.732998133 1.527540803 0.247521505 0.018391682 -0.034677800 -0.968086958
1403637253838319104.000000 0.823936462 2.723683596 1.524602175 -0.248355642 -0.018700447 0.033744041 0.967900395
1403637253888318976.000000 0.824027121 2.716911077 1.511857867 -0.248425260 -0.018445924 0.032701708 0.967923224
1403637253938319104.000000 0.825282991 2.709074020 1.498545766 -0.248479858 -0.018227153 0.032746244 0.967911780
1403637253988318976.000000 0.826718986 2.700287580 1.482224584 0.248921156 0.018250398 -0.032270562 -0.967813969
1403637254038319104.000000 0.830813169 2.691068172 1.466782093 0.249316275 0.017682211 -0.030400019 -0.967783391
1403637254088318976.000000 0.835537136 2.680790424 1.450611234 0.248796150 0.017067656 -0.030286456 -0.967931867
1403637254138319104.000000 0.841278315 2.669403553 1.433862209 0.246927664 0.016294466 -0.028695088 -0.968471885
1403637254188318976.000000 0.847853839 2.657013178 1.416624784 0.243494913 0.016754899 -0.028405160 -0.969341338
1403637254238319104.000000 0.855336249 2.643889666 1.398733497 0.239469901 0.018986078 -0.026874511 -0.970346034
1403637254288318976.000000 0.863930225 2.629872799 1.380200267 0.235002875 0.022186259 -0.024898876 -0.971422434
1403637254338319104.000000 0.875313342 2.614243746 1.367666960 -0.230815321 -0.025892723 0.023247331 0.972375214
1403637254388318976.000000 0.884209573 2.599004507 1.348960042 -0.226285815 -0.029494818 0.022309458 0.973358691
1403637254438319104.000000 0.892253816 2.583718300 1.330980897 -0.222081944 -0.031640444 0.022009587 0.974265933
1403637254488318976.000000 0.898035109 2.567071199 1.311894298 0.219153300 0.034559295 -0.020679075 -0.974858940
1403637254538319104.000000 0.903320014 2.550935507 1.294536710 0.215769365 0.036141057 -0.020526687 -0.975559413
1403637254588318976.000000 0.907603860 2.534665346 1.278056741 0.213119373 0.036067858 -0.019364715 -0.976168156
1403637254638319104.000000 0.910570562 2.518319607 1.262477398 0.211005852 0.034981582 -0.019073363 -0.976672471
1403637254688318976.000000 0.912045538 2.502009392 1.247743487 0.209382728 0.033908177 -0.017626664 -0.977086723
1403637254738319104.000000 0.912783206 2.485666275 1.233744264 0.208094537 0.031499691 -0.016537590 -0.977461457
1403637254788318976.000000 0.912230015 2.469050169 1.220409632 0.206868961 0.028754391 -0.016566487 -0.977805734
1403637254838319104.000000 0.901675344 2.450183630 1.202618241 -0.205442056 -0.025876256 0.017645331 0.978168011
1403637254888318976.000000 0.897921801 2.433539391 1.190235615 -0.204592630 -0.023591589 0.017665116 0.978403449
1403637254938319104.000000 0.892842472 2.416714430 1.178225160 -0.203906134 -0.021938335 0.018222863 0.978574991
1403637254988318976.000000 0.886914015 2.397765160 1.165123463 0.203735381 0.019557418 -0.017733069 -0.978670061
1403637255038319104.000000 0.879468739 2.379714251 1.152881742 0.203125164 0.019612590 -0.017450804 -0.978800833
1403637255088318976.000000 0.871908426 2.361259699 1.140408993 0.200857654 0.018615840 -0.016860487 -0.979298472
1403637255138319104.000000 0.864369690 2.341995716 1.127420783 0.197039619 0.018926017 -0.016922979 -0.980066776
1403637255188318976.000000 0.857653439 2.322421312 1.114271164 0.192693263 0.019377261 -0.015325503 -0.980948031
1403637255238319104.000000 0.852585018 2.302539349 1.100601673 0.187736005 0.019433724 -0.014239110 -0.981924057
1403637255288318976.000000 0.849328220 2.282242298 1.085585237 0.182946473 0.018750530 -0.013866975 -0.982846200
1403637255338319104.000000 0.843897820 2.259069443 1.063820243 -0.178341478 -0.017496279 0.013146781 0.983725309
1403637255388318976.000000 0.842166245 2.237900019 1.047183871 -0.172821581 -0.018675122 0.013550429 0.984682918
1403637255438319104.000000 0.839592040 2.216530561 1.030246377 -0.167459011 -0.019769248 0.011712058 0.985611320
1403637255488318976.000000 0.834032655 2.195079803 1.013537407 0.161330834 0.020866575 -0.009892621 -0.986630201
1403637255538319104.000000 0.828064322 2.173551559 0.996831775 0.154827118 0.021930119 -0.006820847 -0.987674654
1403637255588318976.000000 0.820498347 2.151956797 0.980465651 0.147905603 0.023004951 -0.002505914 -0.988730729
1403637255638319104.000000 0.811678231 2.130156755 0.964085042 0.140271276 0.023303950 0.001147182 -0.989838243
1403637255688318976.000000 0.801670194 2.107960939 0.947591305 0.131961644 0.025531845 0.005438290 -0.990911067
1403637255738319104.000000 0.793871284 2.082591295 0.924494386 -0.122883417 -0.028301110 -0.009378226 0.991973221
1403637255788318976.000000 0.785168111 2.059540272 0.907070458 -0.113566987 -0.031062523 -0.014006220 0.992945910
1403637255838319104.000000 0.778121352 2.035497189 0.888935924 -0.103477597 -0.034194909 -0.017366473 0.993892133
1403637255888318976.000000 0.772599161 2.012078285 0.871056914 0.093096286 0.037244704 0.020969808 -0.994739294
1403637255938319104.000000 0.769919455 1.987619519 0.852410913 0.083213024 0.038390931 0.024286145 -0.995495856
1403637255988318976.000000 0.769217134 1.962670088 0.833382189 0.074084662 0.039992686 0.026380332 -0.996100485
1403637256038319104.000000 0.774543166 1.935453534 0.810732722 -0.066621967 -0.041093063 -0.029504275 0.996495068
1403637256088318976.000000 0.777519703 1.909805775 0.789255142 -0.060821522 -0.042192977 -0.032452956 0.996728361
1403637256138319104.000000 0.780980408 1.883846045 0.767851233 -0.056089286 -0.041631818 -0.034504507 0.996960580
1403637256188318976.000000 0.784893811 1.857945919 0.745980263 0.052497238 0.039523344 0.036458977 -0.997172356
1403637256238319104.000000 0.787181199 1.831739426 0.725174189 0.049435504 0.035753470 0.037767392 -0.997422516
1403637256288318976.000000 0.787374258 1.805266023 0.704812050 0.047207963 0.033663951 0.038216058 -0.997585952
1403637256338319104.000000 0.785638154 1.778439283 0.684958339 0.046009041 0.032068461 0.039422870 -0.997647583
1403637256388318976.000000 0.782248259 1.751019597 0.665395916 0.045304880 0.030452836 0.040035348 -0.997706056
1403637256438319104.000000 0.777128816 1.722991705 0.645764470 0.045570679 0.029764364 0.041664742 -0.997648001
1403637256488318976.000000 0.770742416 1.694532394 0.626323164 0.046242878 0.028852973 0.042147141 -0.997623563
1403637256538319104.000000 0.772685409 1.665869594 0.611809015 -0.046459656 -0.028156942 -0.041327529 0.997667730
1403637256588318976.000000 0.763189137 1.636476040 0.592489719 -0.047188818 -0.028030299 -0.040750876 0.997660756
1403637256638319104.000000 0.751737535 1.606552243 0.573111475 -0.048196528 -0.030870268 -0.038917676 0.997601986
1403637256688318976.000000 0.738505244 1.576682806 0.553749919 0.047657911 0.035502356 0.033058085 -0.997685134
1403637256738319104.000000 0.723742843 1.546215177 0.534186721 0.046890277 0.041488748 0.025878767 -0.997702539
1403637256788318976.000000 0.708487570 1.515935421 0.514733672 0.046409275 0.045791969 0.018628871 -0.997698545
1403637256838319104.000000 0.693159819 1.486258626 0.495919883 0.045899373 0.047743786 0.012547095 -0.997725606
1403637256888318976.000000 0.677969933 1.457254887 0.477901787 0.045253936 0.047401089 0.010416757 -0.997795939
1403637256938319104.000000 0.663514495 1.429033518 0.460108817 0.044470545 0.044032414 0.013041008 -0.997954667
1403637256988318976.000000 0.657993197 1.404833436 0.450906575 -0.042069688 -0.042539354 -0.015690852 0.998085320
1403637257038319104.000000 0.646469593 1.377316713 0.432623237 -0.038744397 -0.039915096 -0.020614007 0.998238802
1403637257088318976.000000 0.636602402 1.350256443 0.413803160 -0.035251506 -0.037981484 -0.024893481 0.998346150
1403637257138319104.000000 0.627531528 1.321966887 0.394548178 0.032192435 0.037103295 0.028896322 -0.998374701
1403637257188318976.000000 0.620678067 1.294234633 0.374782354 0.028882660 0.036443185 0.031708494 -0.998414934
1403637257238319104.000000 0.615206361 1.266455412 0.354598641 0.025888780 0.037305564 0.033959523 -0.998391151
1403637257288318976.000000 0.617067993 1.242462158 0.338906378 -0.022677444 -0.038811170 -0.036075201 0.998337626
1403637257338319104.000000 0.615221083 1.214795113 0.318145573 -0.019993648 -0.040454935 -0.038144138 0.998252809
1403637257388318976.000000 0.614588737 1.187299967 0.297596812 -0.017873507 -0.041609921 -0.041069295 0.998129547
1403637257438319104.000000 0.614129305 1.158473372 0.277665228 0.015914798 0.042592466 0.042910043 -0.998043776
1403637257488318976.000000 0.612435222 1.130455136 0.258157551 0.014300758 0.043044284 0.043987181 -0.998001933
1403637257538319104.000000 0.609599888 1.102483511 0.239156947 0.013661250 0.043740995 0.047447823 -0.997822046
1403637257588318976.000000 0.608776391 1.076934218 0.223203257 -0.011985433 -0.046041407 -0.047039293 0.997759402
1403637257638319104.000000 0.602823079 1.048560143 0.205724850 -0.010828751 -0.048546769 -0.045816813 0.997710764
1403637257688318976.000000 0.595317781 1.019694448 0.189376399 -0.009657353 -0.052868519 -0.044497926 0.997562885
1403637257738319104.000000 0.587827981 0.990847766 0.174978837 0.007787735 0.055774190 0.043903578 -0.997447312
1403637257788318976.000000 0.578626156 0.961732209 0.160779938 0.004934445 0.059091154 0.043189295 -0.997305691
1403637257838319104.000000 0.568373680 0.932721794 0.147637114 0.001551992 0.061999362 0.043370530 -0.997132242
1403637257888318976.000000 0.557454884 0.904419839 0.134468868 0.002902691 -0.064898670 -0.043499362 0.996939123
1403637257938319104.000000 0.545754492 0.875059128 0.123855226 0.008410363 -0.066745736 -0.043398581 0.996790290
1403637257988318976.000000 0.533920169 0.845675707 0.114721134 0.014516505 -0.067793489 -0.044476885 0.996601820
1403637258038319104.000000 0.521955192 0.816297352 0.108188845 -0.022401875 0.068651788 0.045075729 -0.996370077
1403637258088318976.000000 0.511564970 0.786560357 0.101922952 -0.031076038 0.069053523 0.046411511 -0.996048152
1403637258138319104.000000 0.502297938 0.757809579 0.092162319 0.040683303 -0.067268461 -0.049385630 0.995681107
1403637258188318976.000000 0.497173637 0.727873027 0.087489426 0.050718617 -0.063138843 -0.054209683 0.995239913
1403637258238319104.000000 0.494449079 0.698134780 0.083349027 -0.059279125 0.058680695 0.060035221 -0.994705200
1403637258288318976.000000 0.492023855 0.668476462 0.080359332 -0.066920921 0.053859830 0.064224623 -0.994231403
1403637258338319104.000000 0.488749325 0.638832629 0.078189328 -0.073908582 0.049788412 0.067934886 -0.993701935
1403637258388318976.000000 0.483717680 0.609168231 0.076625660 -0.080327936 0.047903735 0.069276884 -0.993203640
1403637258438319104.000000 0.476916313 0.579592884 0.075724743 -0.086496390 0.047287438 0.067843586 -0.992814004
1403637258488318976.000000 0.468171030 0.550318122 0.075375728 -0.092033923 0.049250446 0.065141991 -0.992401540
1403637258538319104.000000 0.454097122 0.522645354 0.065987706 0.096867964 -0.052205451 -0.061372407 0.992030621
1403637258588318976.000000 0.443424970 0.494562685 0.067061186 0.100089371 -0.053354695 -0.059424456 0.991768241
1403637258638319104.000000 0.432970107 0.466818988 0.068609506 -0.102115758 0.051737942 0.059114121 -0.991665900
1403637258688318976.000000 0.421916842 0.439971000 0.070707887 -0.103229716 0.048898190 0.059571367 -0.991667271
1403637258738319104.000000 0.410275757 0.413792312 0.073119700 -0.104457006 0.047045078 0.059272457 -0.991646290
1403637258788318976.000000 0.398245037 0.388650805 0.075729512 -0.104552902 0.045139361 0.059916854 -0.991685987
1403637258838319104.000000 0.385937780 0.364171177 0.078273125 -0.104916260 0.043409258 0.059577525 -0.991745353
1403637258888318976.000000 0.373803437 0.340431124 0.080175564 -0.105205648 0.041745789 0.058552343 -0.991847157
1403637258938319104.000000 0.362030506 0.319762349 0.068779618 0.105442673 -0.041533638 -0.056726821 0.991936922
1403637258988318976.000000 0.354028493 0.297120184 0.070089765 0.105236553 -0.041693158 -0.055830300 0.992003024
1403637259038319104.000000 0.348949730 0.274609447 0.071305513 -0.105225258 0.042117465 0.053368665 -0.992121756
1403637259088318976.000000 0.345887065 0.252853453 0.072382480 -0.103857234 0.042186242 0.054445200 -0.992204547
1403637259138319104.000000 0.346858472 0.231436878 0.073182851 -0.103551432 0.041395515 0.054442070 -0.992269933
1403637259188318976.000000 0.350042254 0.210939407 0.072540656 -0.103335671 0.041436899 0.053101245 -0.992363393
1403637259238319104.000000 0.355630547 0.191206768 0.071531169 -0.102557682 0.040562686 0.052750215 -0.992498934
1403637259288318976.000000 0.361868232 0.172264338 0.070114292 -0.102328591 0.039997339 0.051585909 -0.992606640
1403637259338319104.000000 0.367395252 0.154271334 0.068502508 -0.101649165 0.040464699 0.050661080 -0.992705166
1403637259388318976.000000 0.372197926 0.137181744 0.066982068 -0.101349950 0.040506423 0.049419053 -0.992796659
1403637259438319104.000000 0.375777006 0.125351995 0.044923022 0.102066971 -0.040030275 -0.045481000 0.992930770
1403637259488318976.000000 0.378500909 0.111161679 0.042413533 0.103320278 -0.039485794 -0.040002178 0.993058801
1403637259538319104.000000 0.380324870 0.097614005 0.041083992 -0.103897125 0.039228521 0.036694627 -0.993136525
1403637259588318976.000000 0.381387353 0.086465642 0.039225858 -0.104162857 0.039092261 0.034959339 -0.993176639
1403637259638319104.000000 0.382179707 0.077097192 0.037406702 -0.103547260 0.038266350 0.035421554 -0.993256807
1403637259688318976.000000 0.382264614 0.069336697 0.035788156 -0.102239884 0.038867440 0.038359489 -0.993259728
1403637259738319104.000000 0.381301880 0.063240036 0.034215175 -0.100845769 0.041481469 0.041676980 -0.993162870
1403637259788318976.000000 0.379331201 0.059774365 0.030980416 -0.099462084 0.044292301 0.045512203 -0.993012726
1403637259838319104.000000 0.377043277 0.056457609 0.028609278 -0.098321147 0.045722928 0.048623443 -0.992914021
1403637259888318976.000000 0.374248713 0.053352542 0.026453368 -0.098834120 0.044643711 0.046812315 -0.992999196
1403637259938319104.000000 0.371729910 0.047020577 0.017821105 0.099716090 -0.042725202 -0.043234117 0.993157625
1403637259988318976.000000 0.367226809 0.045753971 0.015838271 0.100073092 -0.041132819 -0.042723726 0.993211031
1403637260038319104.000000 0.362678915 0.045792401 0.014682651 -0.099515744 0.039293669 0.044911642 -0.993244946
1403637260088318976.000000 0.356687933 0.046759106 0.013159702 -0.098920710 0.037992198 0.047672145 -0.993226469
1403637260138319104.000000 0.349394411 0.048635099 0.011607639 -0.097998619 0.038431972 0.051204383 -0.993125141
1403637260188318976.000000 0.340934485 0.051049273 0.010023403 -0.096987270 0.039418969 0.054874342 -0.992989719
1403637260238319104.000000 0.331408978 0.053668227 0.008355475 -0.095790498 0.040968370 0.059762113 -0.992761016
1403637260288318976.000000 0.320352972 0.055993952 0.008502791 0.094526649 -0.040855326 -0.064073093 0.992617905
1403637260338319104.000000 0.310262710 0.058990832 0.006422925 0.093268879 -0.040662978 -0.069096684 0.992407799
1403637260388318976.000000 0.300198764 0.062379759 0.003667336 -0.091658846 0.039342754 0.075426303 -0.992150068
1403637260438319104.000000 0.289529383 0.065121278 0.001120598 -0.090435296 0.038084406 0.080626391 -0.991902471
1403637260488318976.000000 0.277900368 0.067028075 -0.001349564 -0.090316139 0.040732894 0.081920013 -0.991702139
1403637260538319104.000000 0.265021145 0.068064533 -0.001150880 0.090024263 -0.046007205 -0.082489811 0.991450667
1403637260588318976.000000 0.252393574 0.068295255 -0.003353155 0.090231463 -0.052285124 -0.081580237 0.991195917
1403637260638319104.000000 0.239799067 0.067788430 -0.005038676 -0.090624399 0.057613984 0.079783477 -0.991010845
1403637260688318976.000000 0.226394042 0.066127777 -0.004371953 0.090636507 -0.059867181 -0.078837790 0.990951896
1403637260738319104.000000 0.214497760 0.063477583 -0.005194776 0.091773942 -0.058605932 -0.075997405 0.991144478
1403637260788318976.000000 0.202876523 0.060297105 -0.005734906 -0.092140652 0.055250105 0.075978875 -0.991304576
1403637260838319104.000000 0.191408932 0.056491595 -0.005892272 -0.093307607 0.050278649 0.074639723 -0.991561770
1403637260888318976.000000 0.179637045 0.052331489 -0.005924298 -0.094303139 0.046782356 0.073506266 -0.991723359
1403637260938319104.000000 0.168028653 0.047766041 -0.005755615 -0.095139556 0.042415623 0.072379336 -0.991922677
1403637260988318976.000000 0.155395806 0.042943198 -0.002205211 0.095453829 -0.038810611 -0.072951511 0.991998196
1403637261038319104.000000 0.143094823 0.038128331 -0.001853906 0.095793344 -0.038354494 -0.072420143 0.992022157
1403637261088318976.000000 0.130295128 0.033102952 -0.002891679 -0.096030124 0.041682202 0.071851097 -0.991906345
1403637261138319104.000000 0.117481567 0.027872019 -0.003675877 -0.095774144 0.047489993 0.071639925 -0.991685331
1403637261188318976.000000 0.105452530 0.022030812 -0.002628484 0.095108911 -0.053829681 -0.072770461 0.991343141
1403637261238319104.000000 0.093964711 0.015931964 -0.003376201 0.094776824 -0.060058650 -0.073126085 0.990990937
1403637261288318976.000000 0.083556689 0.009423522 -0.002509910 0.094252348 -0.063597098 -0.074054368 0.990751207
1403637261338319104.000000 0.075959995 0.002412061 -0.002730597 0.094192497 -0.061933175 -0.074187517 0.990852296
1403637261388318976.000000 0.070092283 -0.005390782 -0.002446872 -0.094812870 0.057053261 0.072584890 -0.991204798
1403637261438319104.000000 0.065385640 -0.013492885 -0.002075986 -0.096042596 0.052256174 0.068834268 -0.991618395
1403637261488318976.000000 0.061839018 -0.021410732 -0.001545653 -0.097317062 0.048976850 0.065574363 -0.991882443
1403637261538319104.000000 0.058234781 -0.029040296 0.000513696 0.097390257 -0.051598821 -0.064355910 0.991822064
1403637261588318976.000000 0.054812588 -0.036380567 0.001671231 0.096791133 -0.057690710 -0.064976327 0.991504669
1403637261638319104.000000 0.052074619 -0.043808136 0.002543313 0.095882587 -0.063990764 -0.066816084 0.991083980
1403637261688318976.000000 0.051909048 -0.051403627 0.004479577 0.095056616 -0.068190753 -0.068047181 0.990799606
1403637261738319104.000000 0.051250398 -0.058531195 0.007748846 0.094177194 -0.068685144 -0.069762908 0.990730107
1403637261788318976.000000 0.055518106 -0.066793598 0.011246414 0.094387807 -0.064121552 -0.069815926 0.991012216
1403637261838319104.000000 0.060067166 -0.075049780 0.015538031 0.094270058 -0.057072770 -0.070080176 0.991435707
1403637261888318976.000000 0.064995691 -0.083722107 0.020750813 0.094704024 -0.051248666 -0.068924837 0.991793394
1403637261938319104.000000 0.066998430 -0.091974854 0.026289644 0.094732411 -0.046239536 -0.068190217 0.992087662
1403637261988318976.000000 0.067692317 -0.099834837 0.031856727 0.094293363 -0.042691570 -0.067883559 0.992309451
1403637262038319104.000000 0.064881191 -0.107390240 0.038141053 0.094649263 -0.039886534 -0.065321930 0.992564201
1403637262088318976.000000 0.060745943 -0.114530958 0.044636033 0.094747797 -0.037154224 -0.063549429 0.992775917
1403637262138319104.000000 0.054088317 -0.121236026 0.051272843 -0.095010944 0.037210625 0.060719892 -0.992925704
1403637262188318976.000000 0.049433500 -0.128362745 0.056726590 0.095287584 -0.036401559 -0.058336228 0.993072093
1403637262238319104.000000 0.039121330 -0.133988261 0.063517340 0.095364124 -0.035985004 -0.056399513 0.993191779
1403637262288318976.000000 0.028128458 -0.138562858 0.069661044 0.095308080 -0.036306113 -0.053800922 0.993329644
1403637262338319104.000000 0.025457548 -0.136467546 0.067780405 -0.107047521 0.012479221 0.020331290 -0.993967712
1403637262388318976.000000 0.027392646 -0.133686408 0.063450105 0.096314676 -0.013688192 -0.054100066 0.993785381
1403637262438319104.000000 0.024015555 -0.128528535 0.062528983 0.079702921 -0.024689807 -0.049206555 0.995297253
1403637262488318976.000000 0.020270193 -0.124960758 0.060427893 0.068368763 -0.030214135 -0.034334704 0.996611297
1403637262538319104.000000 0.017323561 -0.123511016 0.057298519 0.072958261 -0.011630241 -0.020758903 0.997051120
1403637262588318976.000000 0.022156077 -0.122972183 0.051976699 0.070708625 -0.000268154 -0.023739057 0.997214496
1403637262638319104.000000 0.020557638 -0.120833158 0.053015247 0.068369180 0.001525856 -0.023112431 0.997391164
1403637262688318976.000000 0.016630186 -0.121675968 0.056282520 0.068304852 -0.017258991 -0.025620298 0.997186184
1403637262738319104.000000 0.015843157 -0.121624582 0.058022648 0.066014685 -0.020410182 -0.026213331 0.997265458
1403637262788318976.000000 0.016910410 -0.120987602 0.055666097 0.067739911 -0.013426838 -0.023419822 0.997337699
1403637262838319104.000000 0.016336437 -0.120756797 0.056173027 0.067818545 -0.013331158 -0.024475379 0.997308314
1403637262888318976.000000 0.016007811 -0.122238159 0.057876762 -0.068790749 0.015471417 0.023514584 -0.997233987
1403637262938319104.000000 0.016048003 -0.121176496 0.057713084 -0.067694150 0.013830909 0.024992494 -0.997297168
1403637262988318976.000000 0.015939070 -0.121995308 0.058503103 -0.068587683 0.014702144 0.023561165 -0.997258544
1403637263038319104.000000 0.016323488 -0.122121662 0.058627289 -0.068066001 0.014469609 0.024502851 -0.997274935
1403637263088318976.000000 0.016616466 -0.122776866 0.058963750 -0.068224773 0.014630975 0.024118973 -0.997271121
1403637263138319104.000000 0.017117498 -0.123167500 0.058755238 -0.068287298 0.014585989 0.023846813 -0.997274041
1403637263188318976.000000 0.017607275 -0.123137400 0.058609266 -0.067930318 0.014412272 0.024470393 -0.997285783
1403637263238319104.000000 0.017770687 -0.123663455 0.058496594 -0.068324946 0.014813798 0.023637690 -0.997273028
1403637263288318976.000000 0.016501199 -0.121591330 0.057078563 0.068061069 -0.014781381 -0.024294237 0.997275829
1403637263338319104.000000 0.016605273 -0.121669069 0.056845807 0.068132751 -0.014714222 -0.024135770 0.997275770
1403637263388318976.000000 0.017625483 -0.122289389 0.056828137 -0.068188965 0.014820185 0.024046028 -0.997272551
1403637263438319104.000000 0.018114876 -0.122510225 0.056588933 -0.068204440 0.014951491 0.023899470 -0.997273088
1403637263488318976.000000 0.018640134 -0.122546025 0.056415431 -0.067988202 0.014865139 0.024305332 -0.997279286
1403637263538319104.000000 0.017814828 -0.122183107 0.056389514 -0.068228468 0.014946264 0.023753965 -0.997274876
1403637263588318976.000000 0.017521812 -0.121906899 0.056481138 -0.068060763 0.014891457 0.024084607 -0.997279346
1403637263638319104.000000 0.017305909 -0.121758662 0.056391604 -0.068175852 0.014946405 0.023840819 -0.997276485
1403637263688318976.000000 0.017169172 -0.121573016 0.056458354 -0.068170466 0.014941063 0.023971260 -0.997273743
1403637263738319104.000000 0.017060816 -0.121541031 0.056539528 -0.068135887 0.014849135 0.024016233 -0.997276485
1403637263788318976.000000 0.016855236 -0.121922769 0.056800183 0.068259023 -0.014871439 -0.023608232 0.997277439
1403637263838319104.000000 0.016776346 -0.121737324 0.056829493 0.067990750 -0.014843747 -0.024346009 0.997278392
1403637263888318976.000000 0.017807754 -0.121559307 0.056256466 -0.068300329 0.015037120 0.023390247 -0.997277200
1403637263938319104.000000 0.017580271 -0.121346563 0.056463532 -0.068111591 0.014973638 0.023939827 -0.997278094
1403637263988318976.000000 0.017951746 -0.121233217 0.056041855 -0.068209521 0.015114070 0.023649281 -0.997276247
1403637264038319104.000000 0.017422382 -0.121283568 0.056265786 -0.068278022 0.014985305 0.023698907 -0.997272313
1403637264088318976.000000 0.017177718 -0.121310763 0.056330487 -0.068222918 0.015025745 0.023834424 -0.997272193
1403637264138319104.000000 0.017461242 -0.121276483 0.055996787 -0.068332426 0.015114585 0.023428598 -0.997272968
1403637264188318976.000000 0.016886998 -0.121361308 0.056433488 -0.068180107 0.014885888 0.023855060 -0.997276783
1403637264238319104.000000 0.017145058 -0.121457152 0.056243408 -0.068340741 0.015129552 0.023407841 -0.997272670
1403637264288318976.000000 0.016882414 -0.121602997 0.056161515 0.068207450 -0.014998550 -0.023656594 0.997277915
1403637264338319104.000000 0.016842805 -0.121596418 0.056210831 0.068173170 -0.014978370 -0.023758765 0.997278094
1403637264388318976.000000 0.016868249 -0.121374562 0.056309041 -0.068266444 0.015093678 0.023670610 -0.997272134
1403637264438319104.000000 0.016971713 -0.121363945 0.056553271 -0.068273678 0.015042338 0.023631707 -0.997273326
1403637264488318976.000000 0.017068161 -0.121378809 0.056647804 -0.068243749 0.015027761 0.023718409 -0.997273505
1403637264538319104.000000 0.017086629 -0.121538587 0.056697063 -0.068312928 0.015044292 0.023559365 -0.997272253
1403637264588318976.000000 0.017044481 -0.121595614 0.056680836 -0.068264201 0.015022039 0.023637157 -0.997274160
1403637264638319104.000000 0.016994938 -0.121619917 0.056536127 -0.068257496 0.014968488 0.023616891 -0.997275889
1403637264688318976.000000 0.016848417 -0.121616550 0.056390945 -0.068296485 0.014956461 0.023573335 -0.997274458
1403637264738319104.000000 0.016787903 -0.121621862 0.056273166 -0.068255529 0.014946477 0.023660488 -0.997275293
1403637264788318976.000000 0.016787574 -0.121722758 0.056636032 0.068270087 -0.015174793 -0.023434276 0.997276247
1403637264838319104.000000 0.016766937 -0.121671259 0.056568448 0.068161309 -0.015138666 -0.023626000 0.997279704
1403637264888318976.000000 0.017107366 -0.121455029 0.056592863 -0.068284407 0.015212920 0.023399429 -0.997275412
1403637264938319104.000000 0.017190531 -0.121388853 0.056578059 -0.068294078 0.015251810 0.023417141 -0.997273803
1403637264988318976.000000 0.017165147 -0.121357806 0.056493763 -0.068267450 0.015240585 0.023523390 -0.997273266
1403637265038319104.000000 0.017118884 -0.121430144 0.056415766 -0.068342149 0.015265685 0.023418620 -0.997270226
1403637265088318976.000000 0.016917946 -0.121509112 0.056403156 -0.068304732 0.015306061 0.023522979 -0.997269750
1403637265138319104.000000 0.016776178 -0.121584743 0.056408413 -0.068311520 0.015274272 0.023502348 -0.997270226
1403637265188318976.000000 0.016661620 -0.121622726 0.056385230 -0.068242572 0.015186829 0.023555400 -0.997275054
1403637265238319104.000000 0.016534945 -0.121715188 0.056386337 -0.068268575 0.015210578 0.023489125 -0.997274458
1403637265288318976.000000 0.016985292 -0.121596925 0.056507915 0.068237491 -0.015437280 -0.023440033 0.997274220
1403637265338319104.000000 0.016999956 -0.121592142 0.056585755 0.068292357 -0.015406003 -0.023346011 0.997273147
1403637265388318976.000000 0.016927075 -0.121617757 0.056468010 -0.068254381 0.015469708 0.023424784 -0.997272968
1403637265438319104.000000 0.016927682 -0.121633977 0.056506857 -0.068302520 0.015464026 0.023279099 -0.997273147
1403637265488318976.000000 0.016930496 -0.121631585 0.056552727 -0.068258405 0.015441488 0.023411732 -0.997273445
